T0_x0,T0_x1,T1_x0,T1_x1,T2_x0,T2_x1,T3_x0,T3_x1,T4_x0,T4_x1,T5_x0,T5_x1,T6_x0,T6_x1,T7_x0,T7_x1,T8_x0,T8_x1,T9_x0,T9_x1,T10_x0,T10_x1,T11_x0,T11_x1,X,Y
100.0,235.0,100.0,244.0,106.0,251.0,112.0,261.0,122.0,267.0,127.0,272.0,125.0,279.0,132.0,288.0,135.0,295.0,142.0,296.0,146.0,308.0,152.0,320.0,172.0,344.0
250.0,119.0,238.0,122.0,235.0,122.0,227.0,126.0,221.0,128.0,214.0,131.0,213.0,134.0,195.0,142.0,192.0,143.0,188.0,146.0,179.0,147.0,173.0,156.0,145.0,163.0
132.0,98.0,141.0,99.0,149.0,94.0,157.0,93.0,168.0,90.0,176.0,86.0,189.0,82.0,195.0,80.0,202.0,78.0,212.0,73.0,223.0,71.0,232.0,72.0,267.0,57.0
63.0,68.0,71.0,78.0,86.0,84.0,88.0,91.0,95.0,99.0,108.0,110.0,113.0,116.0,120.0,124.0,125.0,137.0,136.0,139.0,146.0,143.0,152.0,156.0,185.0,189.0
123.0,76.0,119.0,84.0,116.0,96.0,115.0,106.0,107.0,112.0,104.0,121.0,98.0,131.0,94.0,139.0,90.0,153.0,85.0,158.0,83.0,167.0,79.0,174.0,63.0,212.0
190.0,283.0,188.0,286.0,184.0,287.0,183.0,291.0,179.0,296.0,174.0,298.0,174.0,302.0,170.0,303.0,166.0,307.0,158.0,311.0,162.0,313.0,159.0,314.0,146.0,328.0
177.0,268.0,179.0,269.0,183.0,267.0,187.0,268.0,190.0,269.0,197.0,268.0,193.0,268.0,196.0,269.0,200.0,266.0,203.0,269.0,206.0,266.0,210.0,268.0,222.0,268.0
250.0,217.0,249.0,221.0,257.0,241.0,259.0,247.0,266.0,252.0,270.0,261.0,271.0,271.0,281.0,285.0,281.0,290.0,286.0,299.0,289.0,306.0,292.0,317.0,309.0,353.0
276.0,144.0,276.0,141.0,282.0,143.0,283.0,141.0,290.0,148.0,289.0,144.0,288.0,143.0,291.0,143.0,290.0,142.0,295.0,141.0,301.0,146.0,301.0,142.0,308.0,143.0
163.0,145.0,168.0,139.0,174.0,133.0,172.0,136.0,171.0,130.0,180.0,130.0,176.0,124.0,174.0,125.0,179.0,119.0,179.0,112.0,187.0,111.0,188.0,109.0,195.0,99.0
235.0,311.0,236.0,290.0,240.0,285.0,237.0,275.0,240.0,260.0,235.0,257.0,233.0,247.0,237.0,240.0,234.0,227.0,232.0,216.0,232.0,207.0,226.0,195.0,226.0,156.0
313.0,313.0,314.0,316.0,312.0,317.0,309.0,317.0,306.0,314.0,306.0,317.0,304.0,318.0,302.0,321.0,299.0,322.0,295.0,320.0,295.0,322.0,292.0,326.0,285.0,329.0
306.0,241.0,301.0,244.0,295.0,250.0,289.0,256.0,283.0,258.0,277.0,261.0,270.0,265.0,263.0,268.0,257.0,274.0,253.0,276.0,246.0,282.0,245.0,282.0,216.0,301.0
239.0,152.0,243.0,164.0,239.0,180.0,241.0,186.0,249.0,187.0,241.0,203.0,248.0,211.0,248.0,220.0,247.0,230.0,248.0,239.0,251.0,247.0,246.0,257.0,256.0,292.0
221.0,95.0,216.0,102.0,208.0,106.0,200.0,113.0,192.0,118.0,186.0,125.0,181.0,131.0,174.0,137.0,167.0,145.0,159.0,151.0,152.0,155.0,143.0,160.0,117.0,186.0
143.0,149.0,144.0,157.0,142.0,165.0,150.0,178.0,148.0,181.0,153.0,196.0,154.0,203.0,152.0,215.0,160.0,223.0,155.0,225.0,161.0,238.0,163.0,247.0,173.0,285.0
156.0,126.0,148.0,127.0,138.0,125.0,126.0,122.0,117.0,119.0,101.0,115.0,102.0,107.0,86.0,108.0,75.0,104.0,68.0,104.0,57.0,96.0,46.0,96.0,7.0,85.0
158.0,327.0,157.0,322.0,163.0,320.0,169.0,318.0,178.0,317.0,186.0,315.0,194.0,311.0,191.0,306.0,201.0,308.0,203.0,303.0,213.0,306.0,220.0,304.0,243.0,295.0
342.0,43.0,338.0,50.0,333.0,61.0,322.0,67.0,312.0,69.0,306.0,80.0,294.0,85.0,291.0,97.0,281.0,100.0,274.0,100.0,263.0,114.0,254.0,119.0,224.0,148.0
210.0,230.0,204.0,237.0,202.0,242.0,195.0,251.0,194.0,257.0,193.0,260.0,191.0,267.0,186.0,271.0,186.0,277.0,181.0,283.0,180.0,290.0,175.0,294.0,164.0,320.0
74.0,334.0,81.0,326.0,99.0,325.0,101.0,323.0,110.0,321.0,121.0,317.0,135.0,315.0,137.0,309.0,149.0,302.0,158.0,298.0,167.0,297.0,173.0,293.0,211.0,276.0
178.0,181.0,182.0,178.0,184.0,175.0,192.0,165.0,194.0,164.0,199.0,159.0,204.0,157.0,209.0,146.0,215.0,141.0,219.0,136.0,225.0,132.0,225.0,128.0,251.0,108.0
64.0,234.0,67.0,239.0,69.0,247.0,80.0,256.0,81.0,259.0,92.0,264.0,92.0,275.0,92.0,286.0,104.0,287.0,106.0,296.0,113.0,303.0,119.0,315.0,138.0,338.0
24.0,143.0,39.0,154.0,46.0,156.0,49.0,166.0,65.0,171.0,73.0,176.0,80.0,182.0,92.0,186.0,101.0,193.0,110.0,198.0,119.0,205.0,128.0,211.0,163.0,236.0
157.0,226.0,145.0,227.0,138.0,227.0,130.0,226.0,121.0,225.0,110.0,221.0,103.0,225.0,91.0,226.0,81.0,221.0,76.0,224.0,67.0,226.0,51.0,222.0,21.0,226.0
128.0,229.0,120.0,221.0,109.0,207.0,106.0,201.0,98.0,189.0,91.0,179.0,83.0,168.0,73.0,159.0,66.0,151.0,58.0,140.0,49.0,125.0,47.0,121.0,10.0,80.0
112.0,225.0,112.0,217.0,114.0,215.0,113.0,203.0,110.0,199.0,111.0,189.0,110.0,186.0,112.0,181.0,111.0,174.0,113.0,167.0,117.0,157.0,109.0,154.0,112.0,133.0
249.0,131.0,242.0,133.0,235.0,132.0,231.0,131.0,224.0,130.0,216.0,130.0,207.0,132.0,200.0,129.0,194.0,126.0,187.0,127.0,182.0,126.0,175.0,122.0,146.0,120.0
200.0,351.0,202.0,344.0,208.0,346.0,215.0,346.0,221.0,341.0,229.0,338.0,234.0,333.0,237.0,338.0,243.0,334.0,252.0,333.0,257.0,332.0,261.0,330.0,287.0,321.0
123.0,282.0,133.0,282.0,141.0,281.0,148.0,278.0,156.0,276.0,160.0,269.0,171.0,271.0,184.0,267.0,185.0,262.0,195.0,265.0,204.0,265.0,213.0,263.0,245.0,254.0
99.0,290.0,92.0,278.0,86.0,272.0,81.0,261.0,72.0,252.0,68.0,243.0,57.0,231.0,55.0,226.0,49.0,216.0,46.0,208.0,35.0,193.0,30.0,188.0,8.0,154.0
287.0,228.0,286.0,235.0,287.0,234.0,287.0,250.0,293.0,250.0,298.0,252.0,296.0,262.0,301.0,269.0,297.0,277.0,305.0,280.0,307.0,288.0,309.0,292.0,316.0,318.0
168.0,256.0,169.0,254.0,174.0,250.0,177.0,245.0,178.0,242.0,188.0,237.0,192.0,233.0,194.0,230.0,200.0,219.0,200.0,221.0,207.0,218.0,209.0,213.0,227.0,197.0
217.0,88.0,207.0,89.0,199.0,91.0,190.0,93.0,184.0,96.0,179.0,99.0,166.0,99.0,158.0,99.0,155.0,98.0,144.0,103.0,137.0,112.0,127.0,108.0,96.0,117.0
196.0,23.0,196.0,27.0,197.0,35.0,198.0,32.0,199.0,47.0,196.0,47.0,196.0,50.0,200.0,51.0,193.0,61.0,197.0,61.0,194.0,73.0,196.0,78.0,195.0,97.0
225.0,287.0,226.0,289.0,233.0,290.0,235.0,291.0,240.0,293.0,245.0,296.0,247.0,298.0,250.0,298.0,254.0,303.0,259.0,303.0,262.0,304.0,272.0,305.0,284.0,316.0
99.0,79.0,93.0,88.0,89.0,97.0,83.0,104.0,81.0,115.0,77.0,120.0,72.0,131.0,67.0,136.0,64.0,145.0,55.0,159.0,56.0,161.0,53.0,168.0,36.0,202.0
258.0,147.0,248.0,151.0,237.0,152.0,232.0,143.0,217.0,135.0,215.0,137.0,206.0,134.0,198.0,130.0,191.0,127.0,185.0,127.0,175.0,122.0,165.0,118.0,135.0,108.0
339.0,179.0,337.0,178.0,335.0,177.0,330.0,172.0,327.0,169.0,329.0,169.0,318.0,163.0,319.0,164.0,318.0,155.0,313.0,154.0,316.0,146.0,307.0,147.0,296.0,135.0
163.0,47.0,160.0,50.0,157.0,54.0,156.0,56.0,148.0,58.0,157.0,71.0,150.0,70.0,148.0,69.0,146.0,74.0,143.0,83.0,137.0,85.0,141.0,90.0,132.0,106.0
274.0,191.0,268.0,190.0,265.0,194.0,253.0,199.0,252.0,194.0,248.0,197.0,242.0,198.0,237.0,197.0,234.0,197.0,229.0,201.0,225.0,199.0,218.0,200.0,199.0,206.0
157.0,307.0,152.0,302.0,145.0,288.0,141.0,277.0,137.0,269.0,130.0,257.0,125.0,248.0,125.0,234.0,117.0,226.0,111.0,217.0,108.0,207.0,102.0,196.0,82.0,158.0
45.0,34.0,51.0,37.0,58.0,40.0,64.0,46.0,70.0,48.0,71.0,58.0,86.0,62.0,86.0,61.0,92.0,64.0,99.0,70.0,103.0,70.0,111.0,79.0,136.0,94.0
78.0,207.0,79.0,203.0,91.0,192.0,98.0,186.0,104.0,181.0,113.0,177.0,120.0,171.0,125.0,162.0,132.0,159.0,134.0,156.0,145.0,145.0,153.0,141.0,182.0,116.0
238.0,319.0,243.0,318.0,250.0,313.0,255.0,307.0,259.0,310.0,269.0,304.0,273.0,294.0,281.0,297.0,285.0,295.0,294.0,295.0,295.0,288.0,304.0,284.0,328.0,273.0
97.0,70.0,99.0,69.0,101.0,62.0,102.0,61.0,106.0,55.0,103.0,53.0,111.0,48.0,113.0,42.0,113.0,38.0,114.0,37.0,116.0,32.0,118.0,26.0,128.0,12.0
227.0,10.0,227.0,5.0,227.0,3.0,237.0,7.0,240.0,7.0,244.0,4.0,248.0,6.0,252.0,6.0,258.0,4.0,256.0,10.0,265.0,7.0,267.0,4.0,285.0,6.0
246.0,135.0,256.0,138.0,263.0,152.0,266.0,160.0,273.0,170.0,280.0,178.0,285.0,187.0,293.0,196.0,297.0,203.0,308.0,215.0,316.0,222.0,321.0,232.0,350.0,269.0
211.0,223.0,221.0,216.0,229.0,210.0,237.0,200.0,245.0,198.0,255.0,191.0,262.0,184.0,271.0,175.0,280.0,163.0,286.0,163.0,293.0,155.0,302.0,147.0,334.0,120.0
63.0,97.0,63.0,87.0,69.0,81.0,70.0,73.0,79.0,72.0,81.0,66.0,81.0,66.0,86.0,57.0,96.0,51.0,97.0,47.0,101.0,42.0,103.0,39.0,120.0,18.0
321.0,222.0,313.0,224.0,300.0,227.0,292.0,228.0,283.0,231.0,270.0,233.0,256.0,237.0,254.0,234.0,243.0,236.0,230.0,239.0,221.0,243.0,212.0,244.0,172.0,252.0
340.0,156.0,325.0,147.0,317.0,138.0,309.0,131.0,301.0,121.0,290.0,115.0,279.0,106.0,272.0,99.0,261.0,90.0,259.0,88.0,245.0,73.0,234.0,66.0,200.0,35.0
303.0,254.0,302.0,260.0,301.0,263.0,292.0,267.0,297.0,268.0,292.0,272.0,290.0,277.0,289.0,283.0,290.0,289.0,284.0,288.0,283.0,293.0,282.0,297.0,274.0,314.0
247.0,188.0,256.0,193.0,262.0,196.0,266.0,209.0,269.0,215.0,277.0,226.0,284.0,233.0,292.0,242.0,297.0,249.0,304.0,256.0,309.0,267.0,315.0,274.0,339.0,306.0
111.0,139.0,107.0,146.0,106.0,152.0,102.0,153.0,97.0,158.0,95.0,160.0,86.0,168.0,90.0,170.0,84.0,173.0,81.0,175.0,76.0,178.0,82.0,181.0,65.0,201.0
234.0,137.0,233.0,133.0,230.0,133.0,222.0,140.0,225.0,138.0,224.0,138.0,220.0,139.0,221.0,138.0,214.0,137.0,214.0,137.0,214.0,138.0,211.0,137.0,204.0,139.0
130.0,299.0,130.0,295.0,129.0,292.0,129.0,288.0,126.0,286.0,123.0,277.0,127.0,278.0,123.0,272.0,119.0,265.0,124.0,265.0,120.0,260.0,122.0,257.0,117.0,241.0
297.0,197.0,294.0,198.0,287.0,198.0,282.0,193.0,282.0,199.0,274.0,198.0,273.0,193.0,265.0,196.0,257.0,200.0,253.0,197.0,246.0,200.0,243.0,199.0,223.0,199.0
248.0,80.0,244.0,73.0,237.0,79.0,235.0,75.0,226.0,78.0,218.0,74.0,220.0,80.0,213.0,82.0,209.0,82.0,208.0,82.0,201.0,84.0,200.0,84.0,183.0,90.0
154.0,245.0,143.0,244.0,138.0,239.0,128.0,237.0,119.0,236.0,108.0,240.0,106.0,232.0,97.0,231.0,89.0,230.0,82.0,225.0,71.0,225.0,65.0,223.0,33.0,215.0
100.0,34.0,109.0,39.0,111.0,42.0,121.0,46.0,124.0,53.0,135.0,50.0,147.0,55.0,151.0,56.0,158.0,60.0,162.0,61.0,169.0,66.0,178.0,68.0,206.0,81.0
300.0,143.0,306.0,142.0,309.0,144.0,310.0,148.0,310.0,152.0,308.0,151.0,316.0,158.0,316.0,158.0,320.0,163.0,321.0,164.0,323.0,168.0,326.0,173.0,334.0,184.0
164.0,246.0,162.0,245.0,156.0,244.0,149.0,243.0,151.0,247.0,140.0,240.0,141.0,241.0,132.0,239.0,125.0,239.0,124.0,239.0,114.0,238.0,110.0,237.0,91.0,232.0
19.0,357.0,19.0,357.0,21.0,354.0,25.0,355.0,20.0,350.0,17.0,346.0,19.0,344.0,21.0,343.0,21.0,341.0,24.0,342.0,15.0,336.0,16.0,331.0,20.0,328.0
222.0,143.0,225.0,139.0,223.0,134.0,222.0,131.0,222.0,131.0,222.0,127.0,222.0,124.0,218.0,118.0,218.0,115.0,217.0,115.0,216.0,107.0,215.0,106.0,212.0,96.0
282.0,233.0,282.0,226.0,285.0,220.0,284.0,218.0,288.0,221.0,278.0,210.0,279.0,211.0,283.0,203.0,284.0,199.0,283.0,197.0,284.0,191.0,282.0,187.0,284.0,172.0
208.0,109.0,217.0,111.0,224.0,109.0,232.0,109.0,236.0,109.0,246.0,109.0,253.0,112.0,259.0,111.0,261.0,105.0,278.0,114.0,280.0,111.0,285.0,109.0,315.0,111.0
80.0,140.0,72.0,142.0,70.0,150.0,66.0,155.0,63.0,157.0,58.0,163.0,54.0,168.0,54.0,173.0,43.0,175.0,47.0,187.0,39.0,189.0,37.0,195.0,20.0,214.0
70.0,256.0,64.0,265.0,57.0,266.0,58.0,276.0,55.0,282.0,53.0,288.0,50.0,292.0,49.0,298.0,44.0,306.0,39.0,308.0,37.0,317.0,37.0,324.0,24.0,348.0
219.0,148.0,224.0,156.0,227.0,162.0,230.0,169.0,230.0,172.0,235.0,178.0,236.0,184.0,239.0,192.0,244.0,198.0,244.0,208.0,248.0,208.0,251.0,216.0,265.0,240.0
52.0,303.0,63.0,300.0,71.0,301.0,82.0,298.0,88.0,298.0,103.0,298.0,106.0,298.0,116.0,296.0,125.0,295.0,140.0,296.0,142.0,293.0,154.0,291.0,189.0,288.0
158.0,340.0,151.0,337.0,143.0,335.0,138.0,332.0,129.0,330.0,122.0,322.0,115.0,322.0,107.0,318.0,100.0,316.0,95.0,314.0,90.0,310.0,80.0,309.0,53.0,296.0
181.0,72.0,171.0,80.0,160.0,86.0,151.0,97.0,141.0,102.0,131.0,110.0,117.0,118.0,112.0,128.0,104.0,130.0,93.0,142.0,83.0,150.0,71.0,159.0,33.0,192.0
146.0,312.0,140.0,302.0,137.0,289.0,132.0,280.0,128.0,269.0,122.0,261.0,117.0,250.0,112.0,240.0,108.0,229.0,100.0,221.0,95.0,210.0,92.0,202.0,72.0,161.0
121.0,334.0,118.0,327.0,116.0,320.0,119.0,320.0,121.0,309.0,118.0,302.0,119.0,294.0,118.0,291.0,121.0,285.0,122.0,274.0,121.0,275.0,121.0,268.0,120.0,244.0
30.0,103.0,37.0,107.0,42.0,111.0,55.0,113.0,59.0,119.0,61.0,121.0,73.0,126.0,80.0,131.0,86.0,136.0,92.0,140.0,98.0,140.0,105.0,149.0,135.0,164.0
133.0,89.0,139.0,93.0,132.0,106.0,138.0,114.0,136.0,123.0,136.0,132.0,135.0,144.0,137.0,149.0,134.0,162.0,134.0,170.0,136.0,179.0,133.0,189.0,135.0,224.0
114.0,238.0,117.0,240.0,113.0,241.0,121.0,245.0,125.0,248.0,125.0,252.0,128.0,249.0,130.0,256.0,129.0,262.0,135.0,259.0,136.0,268.0,135.0,271.0,145.0,282.0
103.0,13.0,103.0,15.0,104.0,22.0,105.0,31.0,107.0,39.0,109.0,45.0,110.0,51.0,109.0,57.0,113.0,64.0,111.0,74.0,113.0,81.0,120.0,84.0,119.0,115.0
61.0,62.0,68.0,58.0,75.0,58.0,83.0,53.0,89.0,52.0,96.0,51.0,104.0,48.0,110.0,47.0,118.0,45.0,125.0,41.0,130.0,41.0,137.0,39.0,166.0,31.0
144.0,84.0,140.0,77.0,132.0,75.0,128.0,69.0,121.0,64.0,112.0,62.0,109.0,58.0,104.0,55.0,99.0,51.0,95.0,42.0,83.0,47.0,74.0,37.0,56.0,23.0
331.0,159.0,326.0,151.0,319.0,144.0,311.0,137.0,310.0,125.0,308.0,123.0,303.0,109.0,294.0,101.0,292.0,93.0,282.0,88.0,280.0,73.0,276.0,72.0,256.0,39.0
123.0,136.0,122.0,129.0,128.0,125.0,130.0,126.0,129.0,122.0,133.0,125.0,136.0,118.0,136.0,113.0,140.0,110.0,136.0,113.0,142.0,106.0,143.0,101.0,153.0,90.0
301.0,85.0,300.0,83.0,301.0,83.0,299.0,84.0,292.0,80.0,297.0,81.0,296.0,81.0,289.0,78.0,297.0,79.0,294.0,84.0,292.0,84.0,292.0,84.0,287.0,83.0
312.0,324.0,313.0,314.0,315.0,308.0,316.0,302.0,318.0,299.0,318.0,288.0,319.0,278.0,324.0,277.0,321.0,264.0,323.0,258.0,326.0,251.0,325.0,249.0,329.0,217.0
317.0,243.0,307.0,237.0,305.0,228.0,302.0,219.0,299.0,208.0,292.0,197.0,289.0,197.0,292.0,181.0,287.0,174.0,286.0,166.0,280.0,155.0,277.0,146.0,267.0,111.0
313.0,177.0,307.0,173.0,294.0,164.0,284.0,149.0,273.0,140.0,263.0,129.0,253.0,118.0,243.0,107.0,234.0,97.0,223.0,92.0,214.0,80.0,203.0,68.0,165.0,29.0
104.0,326.0,103.0,323.0,100.0,323.0,98.0,321.0,92.0,321.0,95.0,314.0,98.0,317.0,91.0,313.0,83.0,309.0,87.0,306.0,84.0,306.0,81.0,305.0,75.0,296.0
180.0,13.0,177.0,29.0,168.0,41.0,166.0,46.0,162.0,58.0,158.0,62.0,150.0,71.0,150.0,80.0,140.0,91.0,137.0,98.0,132.0,108.0,128.0,117.0,107.0,154.0
90.0,168.0,93.0,168.0,93.0,170.0,97.0,174.0,101.0,175.0,99.0,178.0,106.0,177.0,109.0,180.0,112.0,182.0,116.0,186.0,117.0,187.0,122.0,188.0,134.0,197.0
130.0,19.0,119.0,16.0,113.0,21.0,105.0,16.0,97.0,16.0,90.0,14.0,83.0,13.0,76.0,15.0,68.0,15.0,63.0,15.0,50.0,15.0,46.0,14.0,20.0,16.0
212.0,288.0,213.0,291.0,215.0,290.0,214.0,285.0,213.0,283.0,215.0,286.0,214.0,280.0,216.0,279.0,214.0,277.0,216.0,280.0,212.0,272.0,213.0,277.0,215.0,272.0
94.0,124.0,104.0,115.0,114.0,115.0,121.0,114.0,130.0,114.0,142.0,111.0,149.0,110.0,159.0,105.0,166.0,103.0,180.0,98.0,185.0,102.0,193.0,99.0,231.0,91.0
148.0,149.0,157.0,142.0,167.0,137.0,181.0,128.0,184.0,132.0,195.0,119.0,202.0,115.0,212.0,108.0,221.0,102.0,228.0,98.0,243.0,88.0,246.0,84.0,284.0,61.0
177.0,250.0,170.0,245.0,164.0,243.0,160.0,233.0,149.0,233.0,142.0,228.0,140.0,223.0,130.0,227.0,122.0,217.0,115.0,212.0,105.0,209.0,95.0,209.0,72.0,190.0
247.0,95.0,249.0,89.0,254.0,84.0,255.0,81.0,266.0,75.0,265.0,70.0,269.0,65.0,271.0,61.0,278.0,56.0,281.0,50.0,281.0,46.0,290.0,39.0,305.0,20.0
43.0,270.0,49.0,269.0,51.0,278.0,55.0,281.0,58.0,285.0,62.0,286.0,60.0,290.0,64.0,297.0,70.0,298.0,70.0,307.0,74.0,309.0,82.0,309.0,90.0,331.0
291.0,69.0,289.0,69.0,286.0,60.0,289.0,59.0,282.0,51.0,277.0,50.0,273.0,43.0,271.0,40.0,267.0,37.0,264.0,27.0,262.0,29.0,265.0,24.0,248.0,9.0
175.0,72.0,188.0,67.0,192.0,71.0,196.0,78.0,209.0,77.0,215.0,79.0,225.0,84.0,236.0,89.0,243.0,92.0,250.0,88.0,252.0,93.0,264.0,93.0,297.0,101.0
139.0,153.0,132.0,154.0,125.0,153.0,117.0,146.0,112.0,151.0,102.0,144.0,103.0,150.0,97.0,149.0,87.0,145.0,82.0,144.0,79.0,143.0,71.0,144.0,48.0,140.0
150.0,182.0,152.0,181.0,155.0,179.0,166.0,177.0,167.0,170.0,169.0,168.0,175.0,166.0,179.0,164.0,181.0,160.0,182.0,161.0,188.0,152.0,192.0,150.0,210.0,139.0
105.0,191.0,104.0,201.0,104.0,205.0,99.0,212.0,98.0,217.0,94.0,224.0,91.0,230.0,88.0,235.0,86.0,244.0,81.0,248.0,74.0,249.0,74.0,261.0,64.0,285.0
176.0,245.0,179.0,237.0,185.0,227.0,185.0,225.0,195.0,206.0,199.0,203.0,204.0,194.0,210.0,184.0,216.0,174.0,216.0,161.0,223.0,156.0,228.0,148.0,250.0,112.0
146.0,281.0,141.0,272.0,130.0,270.0,124.0,260.0,117.0,258.0,107.0,244.0,100.0,237.0,90.0,230.0,79.0,217.0,74.0,214.0,66.0,204.0,57.0,198.0,27.0,165.0
73.0,196.0,71.0,196.0,67.0,194.0,60.0,193.0,58.0,195.0,55.0,194.0,53.0,193.0,45.0,193.0,43.0,194.0,39.0,194.0,33.0,196.0,33.0,190.0,14.0,195.0
157.0,257.0,152.0,256.0,144.0,256.0,144.0,259.0,140.0,260.0,134.0,258.0,132.0,257.0,127.0,258.0,122.0,257.0,119.0,260.0,116.0,258.0,111.0,257.0,96.0,259.0
324.0,87.0,327.0,100.0,324.0,114.0,328.0,119.0,333.0,127.0,335.0,136.0,337.0,148.0,341.0,151.0,338.0,164.0,343.0,173.0,345.0,182.0,345.0,187.0,354.0,228.0
16.0,174.0,15.0,168.0,21.0,167.0,15.0,157.0,19.0,156.0,22.0,155.0,20.0,153.0,23.0,146.0,24.0,141.0,25.0,140.0,24.0,134.0,25.0,129.0,31.0,114.0
237.0,142.0,229.0,148.0,217.0,152.0,208.0,157.0,200.0,153.0,193.0,157.0,182.0,160.0,172.0,159.0,165.0,164.0,159.0,160.0,147.0,167.0,139.0,167.0,102.0,177.0
61.0,183.0,65.0,191.0,67.0,199.0,78.0,206.0,79.0,210.0,85.0,215.0,91.0,225.0,93.0,227.0,94.0,238.0,103.0,239.0,111.0,246.0,115.0,248.0,135.0,275.0
338.0,283.0,330.0,271.0,317.0,261.0,310.0,254.0,301.0,243.0,292.0,233.0,284.0,224.0,274.0,211.0,268.0,201.0,260.0,189.0,248.0,182.0,237.0,172.0,202.0,133.0
44.0,89.0,46.0,90.0,44.0,102.0,40.0,106.0,43.0,118.0,40.0,117.0,43.0,130.0,37.0,130.0,35.0,138.0,30.0,139.0,30.0,154.0,35.0,155.0,30.0,179.0
273.0,348.0,277.0,339.0,277.0,330.0,278.0,319.0,284.0,309.0,289.0,301.0,291.0,294.0,294.0,284.0,296.0,274.0,298.0,266.0,302.0,258.0,307.0,246.0,318.0,212.0
269.0,337.0,268.0,329.0,270.0,327.0,270.0,319.0,272.0,314.0,275.0,311.0,274.0,304.0,274.0,301.0,274.0,294.0,276.0,290.0,276.0,286.0,279.0,276.0,283.0,261.0
40.0,328.0,43.0,325.0,40.0,325.0,44.0,319.0,46.0,317.0,46.0,317.0,55.0,317.0,55.0,309.0,54.0,306.0,52.0,304.0,58.0,299.0,62.0,297.0,70.0,285.0
96.0,315.0,106.0,306.0,113.0,303.0,121.0,297.0,127.0,291.0,133.0,287.0,140.0,280.0,147.0,277.0,153.0,272.0,160.0,267.0,168.0,262.0,175.0,255.0,204.0,237.0
300.0,62.0,302.0,66.0,306.0,69.0,310.0,74.0,315.0,79.0,312.0,79.0,321.0,87.0,324.0,89.0,325.0,96.0,328.0,98.0,333.0,102.0,336.0,108.0,347.0,123.0
47.0,70.0,57.0,65.0,65.0,63.0,71.0,60.0,80.0,60.0,88.0,54.0,96.0,55.0,108.0,46.0,111.0,46.0,119.0,42.0,128.0,37.0,137.0,36.0,169.0,24.0
225.0,102.0,222.0,103.0,226.0,113.0,227.0,115.0,226.0,120.0,227.0,127.0,227.0,129.0,227.0,131.0,227.0,137.0,226.0,140.0,225.0,144.0,227.0,149.0,226.0,164.0
179.0,228.0,174.0,242.0,170.0,253.0,167.0,257.0,168.0,264.0,160.0,275.0,160.0,286.0,165.0,287.0,157.0,296.0,155.0,305.0,155.0,312.0,151.0,325.0,145.0,353.0
17.0,197.0,18.0,195.0,22.0,196.0,22.0,193.0,27.0,190.0,28.0,190.0,31.0,185.0,33.0,183.0,36.0,185.0,35.0,182.0,36.0,180.0,36.0,174.0,48.0,169.0
91.0,174.0,95.0,182.0,98.0,192.0,101.0,205.0,102.0,208.0,107.0,213.0,107.0,226.0,113.0,234.0,113.0,245.0,118.0,255.0,121.0,264.0,128.0,267.0,136.0,308.0
252.0,243.0,250.0,233.0,245.0,225.0,243.0,219.0,237.0,209.0,233.0,197.0,231.0,195.0,222.0,187.0,221.0,178.0,220.0,172.0,214.0,162.0,208.0,153.0,194.0,123.0
297.0,314.0,292.0,310.0,285.0,304.0,280.0,300.0,272.0,292.0,271.0,289.0,267.0,286.0,261.0,279.0,257.0,277.0,250.0,270.0,245.0,266.0,242.0,265.0,222.0,241.0
115.0,138.0,109.0,140.0,102.0,144.0,95.0,145.0,89.0,148.0,79.0,153.0,73.0,157.0,70.0,162.0,58.0,161.0,53.0,166.0,47.0,169.0,37.0,170.0,11.0,183.0
80.0,289.0,75.0,296.0,67.0,300.0,65.0,301.0,58.0,306.0,52.0,311.0,49.0,315.0,44.0,320.0,33.0,322.0,37.0,331.0,28.0,332.0,24.0,336.0,4.0,351.0
61.0,139.0,70.0,146.0,74.0,156.0,79.0,162.0,85.0,173.0,92.0,178.0,103.0,189.0,103.0,194.0,111.0,203.0,118.0,212.0,127.0,225.0,127.0,228.0,153.0,260.0
127.0,292.0,135.0,284.0,134.0,280.0,138.0,278.0,140.0,267.0,140.0,261.0,143.0,254.0,148.0,252.0,154.0,246.0,154.0,240.0,157.0,232.0,162.0,232.0,172.0,203.0
112.0,342.0,118.0,338.0,118.0,334.0,121.0,328.0,127.0,329.0,128.0,328.0,132.0,322.0,133.0,320.0,139.0,318.0,142.0,315.0,138.0,309.0,151.0,314.0,159.0,297.0
161.0,148.0,165.0,152.0,170.0,153.0,176.0,157.0,180.0,160.0,189.0,165.0,195.0,174.0,203.0,174.0,212.0,179.0,213.0,184.0,220.0,186.0,230.0,185.0,250.0,207.0
235.0,114.0,233.0,109.0,229.0,102.0,228.0,96.0,232.0,82.0,226.0,81.0,224.0,75.0,219.0,67.0,214.0,65.0,218.0,54.0,216.0,47.0,214.0,38.0,205.0,11.0
96.0,272.0,102.0,268.0,102.0,268.0,109.0,266.0,118.0,257.0,128.0,250.0,127.0,252.0,128.0,253.0,138.0,241.0,144.0,244.0,148.0,241.0,148.0,239.0,173.0,226.0
231.0,179.0,225.0,175.0,216.0,166.0,201.0,158.0,188.0,159.0,176.0,152.0,170.0,140.0,161.0,135.0,155.0,132.0,141.0,122.0,132.0,119.0,126.0,112.0,81.0,88.0
90.0,86.0,95.0,82.0,105.0,83.0,111.0,75.0,116.0,78.0,126.0,76.0,133.0,73.0,138.0,72.0,145.0,71.0,148.0,73.0,161.0,64.0,168.0,65.0,195.0,56.0
249.0,59.0,242.0,68.0,232.0,75.0,225.0,86.0,219.0,99.0,209.0,109.0,193.0,115.0,186.0,123.0,178.0,136.0,168.0,139.0,161.0,149.0,150.0,157.0,116.0,194.0
142.0,317.0,149.0,312.0,150.0,302.0,152.0,297.0,157.0,292.0,158.0,287.0,160.0,281.0,162.0,279.0,167.0,266.0,169.0,263.0,179.0,256.0,180.0,253.0,189.0,226.0
238.0,213.0,228.0,220.0,227.0,231.0,221.0,237.0,215.0,246.0,203.0,256.0,201.0,260.0,196.0,271.0,192.0,283.0,184.0,285.0,180.0,294.0,171.0,302.0,149.0,335.0
209.0,104.0,213.0,105.0,221.0,104.0,225.0,98.0,236.0,102.0,242.0,102.0,250.0,99.0,258.0,100.0,264.0,99.0,271.0,97.0,281.0,93.0,284.0,93.0,313.0,91.0
280.0,146.0,282.0,144.0,279.0,142.0,274.0,134.0,276.0,136.0,273.0,131.0,278.0,132.0,276.0,129.0,267.0,130.0,261.0,121.0,267.0,127.0,262.0,123.0,255.0,115.0
320.0,236.0,314.0,243.0,306.0,250.0,302.0,259.0,297.0,266.0,291.0,272.0,283.0,280.0,277.0,285.0,270.0,292.0,266.0,299.0,258.0,308.0,255.0,316.0,230.0,343.0
2.0,180.0,8.0,188.0,21.0,194.0,25.0,199.0,29.0,208.0,43.0,210.0,50.0,215.0,57.0,221.0,65.0,230.0,77.0,238.0,86.0,238.0,84.0,248.0,122.0,271.0
187.0,97.0,189.0,93.0,194.0,101.0,190.0,96.0,196.0,104.0,198.0,107.0,200.0,108.0,202.0,111.0,205.0,112.0,211.0,115.0,205.0,113.0,207.0,115.0,219.0,126.0
193.0,157.0,204.0,155.0,205.0,147.0,209.0,140.0,216.0,137.0,219.0,130.0,226.0,126.0,228.0,120.0,233.0,117.0,241.0,109.0,244.0,105.0,248.0,101.0,270.0,81.0
296.0,101.0,301.0,108.0,304.0,115.0,309.0,126.0,315.0,125.0,318.0,133.0,321.0,140.0,324.0,144.0,329.0,149.0,333.0,155.0,336.0,164.0,344.0,165.0,358.0,193.0
216.0,273.0,231.0,282.0,237.0,281.0,246.0,284.0,253.0,288.0,261.0,289.0,273.0,288.0,279.0,291.0,291.0,299.0,294.0,295.0,296.0,304.0,310.0,299.0,342.0,309.0
126.0,304.0,131.0,292.0,136.0,284.0,134.0,272.0,146.0,261.0,150.0,251.0,154.0,237.0,161.0,233.0,163.0,222.0,169.0,209.0,174.0,201.0,178.0,193.0,200.0,153.0
173.0,296.0,175.0,285.0,180.0,274.0,183.0,272.0,189.0,264.0,188.0,260.0,196.0,245.0,200.0,239.0,199.0,235.0,207.0,221.0,212.0,214.0,221.0,202.0,232.0,175.0
178.0,83.0,180.0,81.0,183.0,82.0,185.0,87.0,180.0,89.0,186.0,92.0,191.0,95.0,193.0,95.0,193.0,99.0,196.0,101.0,198.0,102.0,198.0,104.0,208.0,112.0
34.0,262.0,36.0,257.0,43.0,256.0,39.0,258.0,45.0,254.0,44.0,254.0,45.0,244.0,59.0,252.0,58.0,244.0,59.0,244.0,61.0,239.0,67.0,237.0,78.0,231.0
39.0,41.0,42.0,45.0,55.0,48.0,59.0,51.0,64.0,59.0,74.0,62.0,87.0,62.0,87.0,68.0,90.0,75.0,104.0,75.0,111.0,75.0,113.0,84.0,145.0,100.0
176.0,242.0,165.0,247.0,155.0,251.0,147.0,258.0,144.0,265.0,134.0,269.0,126.0,267.0,112.0,278.0,101.0,282.0,92.0,285.0,88.0,296.0,76.0,296.0,40.0,317.0
112.0,260.0,122.0,257.0,132.0,250.0,138.0,245.0,148.0,240.0,157.0,235.0,162.0,231.0,172.0,225.0,178.0,219.0,188.0,215.0,197.0,211.0,204.0,205.0,236.0,186.0
130.0,120.0,134.0,119.0,148.0,105.0,156.0,101.0,163.0,91.0,175.0,85.0,184.0,79.0,191.0,71.0,200.0,66.0,211.0,58.0,217.0,49.0,228.0,44.0,264.0,16.0
158.0,87.0,166.0,96.0,174.0,105.0,187.0,108.0,193.0,116.0,203.0,123.0,214.0,130.0,223.0,137.0,228.0,141.0,238.0,152.0,248.0,160.0,258.0,167.0,294.0,194.0
75.0,52.0,77.0,61.0,74.0,66.0,77.0,77.0,74.0,85.0,74.0,93.0,77.0,99.0,77.0,109.0,77.0,114.0,75.0,125.0,72.0,130.0,76.0,141.0,76.0,172.0
234.0,328.0,240.0,319.0,240.0,310.0,249.0,304.0,257.0,290.0,258.0,283.0,265.0,277.0,270.0,267.0,278.0,258.0,278.0,249.0,285.0,241.0,290.0,231.0,310.0,195.0
200.0,262.0,205.0,259.0,198.0,249.0,206.0,244.0,209.0,236.0,209.0,228.0,206.0,227.0,212.0,216.0,217.0,208.0,218.0,200.0,224.0,194.0,222.0,186.0,230.0,159.0
262.0,62.0,257.0,74.0,247.0,82.0,246.0,92.0,239.0,100.0,234.0,109.0,221.0,119.0,219.0,128.0,214.0,137.0,207.0,145.0,203.0,158.0,196.0,164.0,173.0,199.0
239.0,331.0,245.0,327.0,248.0,324.0,254.0,314.0,260.0,316.0,260.0,309.0,271.0,312.0,272.0,302.0,284.0,304.0,282.0,295.0,290.0,292.0,295.0,286.0,314.0,272.0
118.0,193.0,117.0,196.0,118.0,193.0,110.0,200.0,107.0,203.0,100.0,204.0,102.0,206.0,98.0,207.0,97.0,209.0,89.0,209.0,89.0,213.0,88.0,216.0,75.0,224.0
324.0,96.0,319.0,93.0,320.0,92.0,315.0,89.0,314.0,87.0,312.0,84.0,308.0,82.0,306.0,81.0,303.0,78.0,297.0,79.0,297.0,76.0,292.0,71.0,281.0,66.0
79.0,71.0,88.0,75.0,97.0,74.0,100.0,78.0,104.0,78.0,111.0,82.0,117.0,84.0,120.0,90.0,128.0,86.0,134.0,87.0,143.0,91.0,145.0,89.0,171.0,101.0
45.0,299.0,54.0,291.0,58.0,283.0,66.0,275.0,69.0,266.0,77.0,262.0,84.0,257.0,87.0,249.0,95.0,242.0,100.0,236.0,106.0,228.0,114.0,221.0,137.0,193.0
137.0,2.0,150.0,7.0,157.0,17.0,163.0,25.0,170.0,36.0,178.0,44.0,182.0,56.0,195.0,64.0,204.0,65.0,209.0,76.0,219.0,78.0,226.0,90.0,259.0,123.0
227.0,64.0,215.0,60.0,209.0,66.0,201.0,66.0,200.0,68.0,186.0,70.0,179.0,73.0,171.0,75.0,162.0,76.0,156.0,79.0,147.0,85.0,140.0,83.0,107.0,91.0
331.0,198.0,326.0,190.0,321.0,178.0,315.0,171.0,313.0,161.0,306.0,148.0,298.0,138.0,298.0,131.0,293.0,122.0,287.0,110.0,283.0,98.0,277.0,90.0,257.0,50.0
69.0,188.0,79.0,188.0,90.0,185.0,95.0,190.0,104.0,192.0,120.0,193.0,124.0,194.0,132.0,193.0,143.0,196.0,150.0,195.0,157.0,191.0,169.0,196.0,205.0,202.0
87.0,340.0,97.0,332.0,109.0,331.0,117.0,322.0,125.0,316.0,134.0,309.0,142.0,304.0,150.0,298.0,157.0,289.0,171.0,285.0,178.0,276.0,190.0,276.0,224.0,250.0
259.0,168.0,254.0,163.0,262.0,169.0,256.0,165.0,258.0,167.0,253.0,169.0,255.0,162.0,252.0,161.0,257.0,156.0,250.0,159.0,252.0,160.0,253.0,163.0,246.0,155.0
165.0,151.0,170.0,141.0,169.0,131.0,180.0,126.0,185.0,121.0,186.0,108.0,193.0,103.0,200.0,93.0,205.0,87.0,208.0,80.0,216.0,72.0,219.0,62.0,240.0,31.0
143.0,352.0,146.0,349.0,148.0,350.0,149.0,347.0,150.0,351.0,156.0,343.0,161.0,340.0,163.0,345.0,164.0,339.0,168.0,334.0,171.0,334.0,174.0,332.0,187.0,324.0
154.0,275.0,157.0,271.0,159.0,267.0,162.0,262.0,168.0,255.0,171.0,252.0,173.0,246.0,177.0,240.0,178.0,238.0,183.0,232.0,181.0,223.0,187.0,224.0,200.0,202.0
71.0,16.0,77.0,26.0,79.0,37.0,86.0,44.0,91.0,50.0,95.0,60.0,99.0,73.0,105.0,79.0,111.0,88.0,115.0,100.0,120.0,107.0,125.0,114.0,147.0,151.0
280.0,49.0,281.0,56.0,282.0,59.0,282.0,67.0,286.0,73.0,285.0,78.0,287.0,84.0,284.0,87.0,287.0,97.0,290.0,103.0,290.0,107.0,292.0,116.0,296.0,139.0
356.0,203.0,351.0,194.0,345.0,190.0,340.0,185.0,339.0,181.0,331.0,170.0,325.0,165.0,319.0,160.0,316.0,152.0,312.0,149.0,305.0,143.0,301.0,134.0,281.0,112.0
168.0,125.0,180.0,115.0,185.0,113.0,192.0,108.0,198.0,103.0,209.0,98.0,214.0,90.0,223.0,85.0,236.0,77.0,245.0,77.0,248.0,66.0,255.0,62.0,288.0,37.0
184.0,205.0,194.0,203.0,202.0,202.0,211.0,198.0,217.0,196.0,224.0,197.0,227.0,198.0,237.0,191.0,241.0,189.0,251.0,189.0,257.0,187.0,265.0,184.0,294.0,176.0
165.0,191.0,153.0,190.0,136.0,205.0,130.0,214.0,120.0,221.0,106.0,235.0,99.0,238.0,92.0,245.0,81.0,259.0,68.0,268.0,58.0,275.0,50.0,285.0,10.0,321.0
29.0,72.0,33.0,70.0,30.0,70.0,24.0,64.0,30.0,67.0,29.0,68.0,34.0,68.0,28.0,64.0,27.0,64.0,29.0,62.0,31.0,56.0,27.0,61.0,29.0,57.0
165.0,184.0,171.0,192.0,182.0,203.0,195.0,210.0,200.0,223.0,211.0,231.0,220.0,242.0,227.0,250.0,232.0,258.0,247.0,267.0,256.0,276.0,268.0,286.0,300.0,322.0
319.0,222.0,317.0,210.0,313.0,205.0,314.0,201.0,314.0,195.0,311.0,191.0,308.0,181.0,308.0,180.0,307.0,176.0,311.0,176.0,311.0,167.0,307.0,160.0,302.0,142.0
230.0,136.0,216.0,125.0,206.0,119.0,197.0,110.0,191.0,100.0,181.0,92.0,167.0,86.0,163.0,78.0,153.0,69.0,144.0,63.0,136.0,54.0,126.0,44.0,90.0,14.0
252.0,180.0,245.0,182.0,239.0,179.0,237.0,180.0,232.0,181.0,225.0,175.0,220.0,181.0,218.0,176.0,212.0,181.0,206.0,181.0,202.0,180.0,196.0,180.0,176.0,181.0
181.0,301.0,184.0,300.0,178.0,296.0,183.0,297.0,187.0,296.0,186.0,294.0,189.0,295.0,187.0,291.0,186.0,297.0,190.0,289.0,191.0,290.0,192.0,287.0,197.0,285.0
129.0,142.0,122.0,145.0,115.0,135.0,106.0,130.0,100.0,129.0,92.0,123.0,85.0,119.0,78.0,116.0,73.0,110.0,67.0,108.0,58.0,102.0,52.0,99.0,24.0,84.0
41.0,189.0,47.0,187.0,48.0,184.0,48.0,181.0,43.0,174.0,49.0,175.0,51.0,172.0,55.0,172.0,56.0,168.0,55.0,164.0,56.0,159.0,50.0,162.0,60.0,145.0
31.0,112.0,35.0,123.0,38.0,123.0,34.0,133.0,37.0,140.0,38.0,148.0,37.0,152.0,39.0,159.0,40.0,167.0,40.0,173.0,44.0,181.0,45.0,189.0,48.0,217.0
130.0,292.0,131.0,279.0,140.0,272.0,154.0,264.0,155.0,253.0,163.0,246.0,173.0,238.0,183.0,233.0,188.0,228.0,198.0,213.0,203.0,205.0,211.0,199.0,245.0,167.0
222.0,168.0,209.0,171.0,205.0,174.0,196.0,178.0,187.0,181.0,179.0,191.0,173.0,189.0,163.0,193.0,156.0,197.0,148.0,201.0,135.0,204.0,135.0,207.0,101.0,227.0
126.0,248.0,127.0,245.0,125.0,238.0,119.0,227.0,123.0,220.0,123.0,214.0,123.0,206.0,121.0,198.0,121.0,190.0,120.0,182.0,113.0,171.0,113.0,170.0,113.0,134.0
6.0,218.0,7.0,216.0,10.0,215.0,6.0,217.0,4.0,215.0,4.0,212.0,4.0,212.0,7.0,213.0,4.0,209.0,4.0,209.0,6.0,210.0,2.0,211.0,6.0,204.0
353.0,114.0,353.0,111.0,351.0,110.0,352.0,111.0,350.0,113.0,348.0,109.0,346.0,109.0,341.0,104.0,339.0,106.0,333.0,109.0,337.0,103.0,334.0,103.0,327.0,98.0
88.0,211.0,84.0,214.0,81.0,214.0,79.0,212.0,75.0,213.0,77.0,215.0,69.0,214.0,73.0,210.0,63.0,212.0,58.0,208.0,60.0,213.0,57.0,214.0,44.0,213.0
184.0,297.0,194.0,296.0,204.0,296.0,209.0,287.0,215.0,284.0,224.0,278.0,231.0,274.0,238.0,269.0,248.0,265.0,261.0,262.0,265.0,257.0,271.0,254.0,304.0,239.0
21.0,184.0,23.0,186.0,20.0,187.0,28.0,187.0,29.0,190.0,30.0,193.0,32.0,196.0,35.0,196.0,38.0,197.0,41.0,201.0,43.0,203.0,44.0,206.0,52.0,213.0
194.0,233.0,188.0,226.0,186.0,215.0,173.0,207.0,171.0,197.0,162.0,188.0,152.0,179.0,146.0,173.0,138.0,162.0,133.0,154.0,131.0,144.0,119.0,137.0,91.0,100.0
132.0,153.0,130.0,162.0,131.0,173.0,130.0,180.0,130.0,190.0,133.0,201.0,132.0,210.0,133.0,216.0,129.0,229.0,131.0,236.0,131.0,246.0,133.0,252.0,132.0,290.0
154.0,127.0,162.0,125.0,176.0,131.0,180.0,127.0,190.0,123.0,196.0,126.0,205.0,125.0,214.0,128.0,225.0,128.0,233.0,127.0,242.0,126.0,252.0,128.0,288.0,127.0
272.0,40.0,255.0,50.0,248.0,58.0,236.0,68.0,225.0,78.0,216.0,88.0,207.0,97.0,195.0,106.0,189.0,120.0,176.0,127.0,168.0,134.0,158.0,141.0,117.0,178.0
355.0,116.0,348.0,125.0,343.0,132.0,338.0,139.0,335.0,146.0,329.0,155.0,324.0,162.0,319.0,170.0,313.0,180.0,314.0,193.0,305.0,196.0,298.0,205.0,280.0,236.0
90.0,212.0,86.0,212.0,87.0,215.0,87.0,213.0,89.0,211.0,92.0,210.0,89.0,209.0,89.0,210.0,87.0,214.0,95.0,208.0,92.0,209.0,91.0,210.0,91.0,210.0
192.0,97.0,200.0,96.0,207.0,86.0,223.0,91.0,227.0,82.0,236.0,80.0,241.0,75.0,255.0,72.0,263.0,66.0,271.0,64.0,286.0,64.0,290.0,53.0,327.0,39.0
81.0,176.0,79.0,187.0,78.0,193.0,75.0,199.0,73.0,207.0,72.0,214.0,78.0,226.0,72.0,228.0,72.0,233.0,70.0,242.0,67.0,254.0,67.0,254.0,64.0,284.0
119.0,309.0,122.0,301.0,124.0,293.0,123.0,288.0,125.0,279.0,124.0,271.0,126.0,264.0,127.0,253.0,130.0,245.0,131.0,240.0,130.0,229.0,130.0,221.0,136.0,191.0
120.0,194.0,124.0,197.0,131.0,202.0,139.0,207.0,147.0,212.0,153.0,219.0,159.0,221.0,169.0,227.0,174.0,233.0,183.0,233.0,187.0,244.0,191.0,253.0,224.0,268.0
227.0,57.0,223.0,66.0,222.0,73.0,220.0,84.0,218.0,85.0,217.0,91.0,208.0,94.0,208.0,101.0,210.0,112.0,206.0,122.0,209.0,126.0,202.0,134.0,196.0,163.0
59.0,31.0,60.0,38.0,60.0,46.0,55.0,57.0,58.0,61.0,54.0,68.0,58.0,75.0,53.0,87.0,47.0,91.0,53.0,97.0,51.0,108.0,50.0,116.0,46.0,150.0
279.0,282.0,272.0,275.0,262.0,265.0,251.0,259.0,243.0,252.0,236.0,247.0,225.0,238.0,215.0,233.0,207.0,223.0,201.0,219.0,190.0,212.0,177.0,200.0,145.0,176.0
36.0,53.0,38.0,46.0,48.0,50.0,59.0,51.0,60.0,45.0,68.0,41.0,73.0,40.0,81.0,40.0,81.0,41.0,93.0,36.0,98.0,31.0,107.0,34.0,128.0,23.0
93.0,264.0,98.0,259.0,106.0,256.0,112.0,253.0,121.0,247.0,126.0,244.0,132.0,240.0,137.0,242.0,152.0,234.0,156.0,230.0,160.0,223.0,167.0,220.0,197.0,205.0
268.0,316.0,272.0,317.0,274.0,322.0,275.0,320.0,276.0,315.0,280.0,317.0,285.0,321.0,293.0,326.0,288.0,329.0,294.0,323.0,293.0,330.0,299.0,322.0,313.0,331.0
127.0,290.0,121.0,288.0,116.0,286.0,110.0,283.0,105.0,285.0,98.0,279.0,98.0,284.0,87.0,277.0,79.0,276.0,76.0,271.0,70.0,270.0,64.0,270.0,39.0,261.0
168.0,175.0,169.0,170.0,169.0,167.0,170.0,163.0,172.0,164.0,169.0,159.0,172.0,154.0,171.0,153.0,176.0,149.0,177.0,145.0,176.0,143.0,178.0,140.0,182.0,129.0
186.0,146.0,183.0,144.0,176.0,147.0,175.0,147.0,168.0,150.0,165.0,151.0,162.0,149.0,158.0,150.0,153.0,154.0,148.0,152.0,145.0,156.0,141.0,155.0,126.0,160.0
175.0,250.0,170.0,244.0,167.0,242.0,163.0,237.0,156.0,234.0,150.0,230.0,145.0,220.0,142.0,220.0,135.0,218.0,132.0,213.0,127.0,210.0,122.0,204.0,102.0,190.0
66.0,290.0,65.0,290.0,60.0,285.0,57.0,282.0,59.0,285.0,53.0,275.0,43.0,269.0,47.0,270.0,42.0,268.0,41.0,266.0,36.0,261.0,35.0,259.0,22.0,247.0
340.0,85.0,340.0,85.0,339.0,86.0,335.0,96.0,335.0,96.0,331.0,99.0,334.0,107.0,331.0,112.0,330.0,116.0,330.0,120.0,330.0,125.0,327.0,123.0,324.0,144.0
60.0,337.0,63.0,331.0,69.0,328.0,69.0,318.0,79.0,316.0,84.0,314.0,89.0,308.0,95.0,302.0,98.0,296.0,104.0,291.0,110.0,289.0,115.0,282.0,135.0,263.0
249.0,41.0,243.0,42.0,240.0,38.0,238.0,38.0,237.0,39.0,231.0,37.0,229.0,36.0,225.0,35.0,225.0,34.0,220.0,33.0,216.0,31.0,216.0,32.0,203.0,27.0
158.0,52.0,160.0,68.0,162.0,69.0,161.0,76.0,163.0,86.0,167.0,89.0,161.0,97.0,161.0,105.0,164.0,111.0,163.0,119.0,161.0,125.0,159.0,136.0,163.0,162.0
264.0,297.0,271.0,301.0,268.0,309.0,274.0,309.0,276.0,313.0,283.0,317.0,287.0,319.0,291.0,321.0,294.0,325.0,296.0,330.0,307.0,331.0,304.0,336.0,322.0,347.0
268.0,12.0,261.0,17.0,259.0,22.0,254.0,25.0,253.0,31.0,248.0,35.0,241.0,47.0,241.0,47.0,236.0,53.0,227.0,56.0,228.0,63.0,222.0,65.0,208.0,87.0
156.0,250.0,162.0,253.0,171.0,246.0,177.0,245.0,180.0,240.0,189.0,236.0,192.0,232.0,200.0,227.0,205.0,223.0,210.0,223.0,219.0,214.0,222.0,211.0,248.0,196.0
35.0,209.0,37.0,206.0,45.0,202.0,50.0,204.0,56.0,194.0,59.0,192.0,68.0,192.0,68.0,185.0,76.0,180.0,73.0,177.0,82.0,168.0,79.0,165.0,99.0,152.0
144.0,265.0,147.0,262.0,154.0,256.0,157.0,250.0,162.0,245.0,168.0,241.0,167.0,242.0,176.0,233.0,182.0,227.0,186.0,220.0,189.0,217.0,197.0,213.0,218.0,192.0
93.0,271.0,99.0,276.0,93.0,281.0,94.0,284.0,91.0,286.0,99.0,286.0,97.0,294.0,100.0,299.0,96.0,305.0,103.0,309.0,106.0,306.0,103.0,315.0,108.0,332.0
184.0,128.0,193.0,130.0,198.0,126.0,206.0,124.0,213.0,124.0,218.0,121.0,226.0,118.0,235.0,116.0,240.0,117.0,242.0,117.0,260.0,107.0,263.0,108.0,290.0,102.0
194.0,306.0,183.0,307.0,174.0,304.0,164.0,306.0,158.0,307.0,147.0,308.0,139.0,308.0,131.0,309.0,121.0,309.0,110.0,307.0,102.0,309.0,94.0,307.0,58.0,308.0
141.0,224.0,148.0,227.0,147.0,231.0,157.0,232.0,161.0,232.0,170.0,235.0,171.0,236.0,179.0,241.0,183.0,240.0,186.0,242.0,195.0,250.0,203.0,248.0,218.0,256.0
115.0,95.0,121.0,100.0,132.0,105.0,138.0,111.0,147.0,110.0,159.0,119.0,168.0,119.0,176.0,129.0,189.0,129.0,193.0,137.0,203.0,145.0,214.0,147.0,249.0,169.0
216.0,194.0,216.0,197.0,220.0,206.0,222.0,211.0,225.0,219.0,226.0,221.0,229.0,226.0,231.0,231.0,230.0,235.0,233.0,240.0,235.0,246.0,242.0,255.0,246.0,270.0
186.0,98.0,184.0,94.0,186.0,90.0,185.0,80.0,184.0,80.0,189.0,75.0,186.0,79.0,185.0,68.0,185.0,64.0,189.0,62.0,189.0,62.0,184.0,56.0,185.0,38.0
61.0,323.0,74.0,312.0,76.0,311.0,84.0,303.0,93.0,297.0,100.0,289.0,110.0,281.0,118.0,277.0,129.0,273.0,133.0,262.0,137.0,260.0,151.0,246.0,181.0,220.0
22.0,90.0,26.0,82.0,28.0,82.0,31.0,79.0,31.0,72.0,31.0,69.0,30.0,63.0,36.0,62.0,37.0,58.0,36.0,55.0,36.0,49.0,37.0,47.0,43.0,30.0
224.0,190.0,222.0,188.0,222.0,185.0,218.0,180.0,222.0,185.0,224.0,183.0,225.0,182.0,222.0,176.0,225.0,180.0,222.0,181.0,224.0,177.0,223.0,176.0,224.0,174.0
42.0,134.0,49.0,125.0,55.0,125.0,60.0,118.0,67.0,117.0,71.0,113.0,77.0,109.0,82.0,106.0,87.0,105.0,89.0,100.0,94.0,98.0,98.0,100.0,121.0,84.0
175.0,256.0,174.0,251.0,180.0,249.0,179.0,243.0,179.0,238.0,178.0,236.0,181.0,232.0,182.0,229.0,184.0,223.0,189.0,217.0,188.0,215.0,186.0,213.0,192.0,196.0
184.0,189.0,178.0,189.0,172.0,185.0,164.0,185.0,157.0,180.0,150.0,178.0,145.0,177.0,139.0,170.0,130.0,168.0,124.0,173.0,121.0,171.0,111.0,166.0,82.0,160.0
234.0,342.0,231.0,332.0,225.0,322.0,222.0,313.0,216.0,305.0,210.0,296.0,207.0,288.0,201.0,280.0,197.0,270.0,186.0,254.0,183.0,254.0,182.0,243.0,161.0,206.0
317.0,133.0,320.0,144.0,318.0,145.0,315.0,148.0,316.0,153.0,311.0,156.0,311.0,160.0,307.0,163.0,303.0,165.0,307.0,171.0,301.0,175.0,297.0,176.0,293.0,196.0
218.0,241.0,218.0,241.0,219.0,242.0,222.0,246.0,217.0,249.0,223.0,251.0,227.0,253.0,223.0,249.0,226.0,260.0,231.0,259.0,233.0,258.0,236.0,262.0,245.0,270.0
88.0,237.0,79.0,233.0,80.0,239.0,75.0,238.0,71.0,236.0,71.0,236.0,62.0,232.0,58.0,231.0,53.0,233.0,52.0,231.0,46.0,229.0,46.0,225.0,27.0,225.0
177.0,47.0,178.0,45.0,176.0,42.0,174.0,41.0,173.0,35.0,169.0,32.0,171.0,31.0,169.0,25.0,172.0,25.0,163.0,18.0,165.0,17.0,165.0,16.0,161.0,3.0
354.0,305.0,352.0,294.0,355.0,294.0,351.0,289.0,355.0,287.0,359.0,289.0,352.0,278.0,354.0,274.0,355.0,272.0,354.0,269.0,353.0,265.0,352.0,258.0,354.0,244.0
284.0,165.0,278.0,158.0,274.0,149.0,266.0,139.0,263.0,131.0,258.0,123.0,254.0,117.0,246.0,104.0,242.0,102.0,237.0,91.0,234.0,84.0,229.0,78.0,208.0,45.0
340.0,154.0,326.0,150.0,319.0,152.0,307.0,156.0,300.0,162.0,294.0,160.0,287.0,160.0,277.0,165.0,271.0,165.0,261.0,166.0,253.0,171.0,244.0,171.0,215.0,180.0
185.0,122.0,182.0,125.0,184.0,127.0,182.0,132.0,186.0,135.0,183.0,138.0,180.0,134.0,179.0,138.0,183.0,147.0,183.0,148.0,185.0,151.0,184.0,156.0,184.0,167.0
54.0,159.0,62.0,144.0,64.0,138.0,70.0,128.0,72.0,113.0,80.0,107.0,83.0,99.0,88.0,88.0,94.0,76.0,99.0,67.0,104.0,59.0,110.0,46.0,130.0,8.0
17.0,174.0,29.0,167.0,34.0,154.0,43.0,142.0,54.0,133.0,63.0,121.0,70.0,115.0,79.0,102.0,94.0,91.0,99.0,85.0,112.0,72.0,118.0,62.0,153.0,24.0
280.0,314.0,283.0,315.0,289.0,316.0,293.0,316.0,299.0,317.0,301.0,317.0,306.0,315.0,311.0,314.0,316.0,321.0,316.0,314.0,323.0,314.0,327.0,317.0,342.0,316.0
41.0,296.0,36.0,292.0,33.0,294.0,34.0,295.0,32.0,295.0,25.0,293.0,26.0,296.0,23.0,296.0,27.0,295.0,15.0,298.0,17.0,299.0,16.0,301.0,9.0,306.0
210.0,156.0,213.0,152.0,214.0,152.0,217.0,151.0,216.0,146.0,217.0,145.0,218.0,142.0,220.0,141.0,218.0,141.0,219.0,139.0,223.0,134.0,220.0,132.0,227.0,126.0
294.0,192.0,301.0,179.0,301.0,170.0,310.0,168.0,307.0,153.0,308.0,144.0,311.0,134.0,314.0,126.0,314.0,116.0,318.0,107.0,320.0,101.0,319.0,91.0,329.0,55.0
236.0,297.0,239.0,288.0,245.0,282.0,253.0,277.0,252.0,273.0,258.0,261.0,259.0,256.0,265.0,247.0,270.0,240.0,274.0,233.0,276.0,228.0,279.0,221.0,297.0,192.0
348.0,180.0,342.0,178.0,340.0,178.0,334.0,179.0,332.0,181.0,328.0,175.0,325.0,177.0,317.0,171.0,313.0,171.0,316.0,173.0,307.0,168.0,301.0,167.0,287.0,165.0
211.0,232.0,209.0,237.0,205.0,240.0,205.0,245.0,200.0,247.0,200.0,253.0,200.0,261.0,197.0,261.0,195.0,265.0,190.0,268.0,190.0,273.0,189.0,278.0,180.0,293.0
194.0,99.0,193.0,102.0,191.0,114.0,189.0,122.0,186.0,132.0,185.0,139.0,184.0,147.0,180.0,155.0,181.0,162.0,178.0,170.0,177.0,177.0,174.0,186.0,166.0,219.0
101.0,88.0,99.0,89.0,96.0,85.0,94.0,93.0,90.0,83.0,89.0,89.0,87.0,82.0,81.0,86.0,80.0,84.0,72.0,79.0,72.0,80.0,69.0,81.0,59.0,77.0
218.0,298.0,208.0,296.0,205.0,291.0,194.0,290.0,193.0,279.0,187.0,273.0,178.0,266.0,175.0,255.0,166.0,256.0,161.0,251.0,156.0,242.0,152.0,237.0,126.0,213.0
351.0,191.0,348.0,190.0,342.0,188.0,336.0,191.0,329.0,190.0,323.0,192.0,320.0,193.0,314.0,194.0,306.0,194.0,299.0,198.0,292.0,196.0,289.0,198.0,265.0,203.0
335.0,343.0,325.0,342.0,323.0,335.0,310.0,334.0,302.0,329.0,293.0,325.0,283.0,319.0,279.0,318.0,274.0,315.0,260.0,308.0,253.0,305.0,245.0,302.0,214.0,285.0
319.0,154.0,321.0,157.0,320.0,163.0,321.0,163.0,319.0,166.0,316.0,171.0,320.0,175.0,317.0,180.0,316.0,180.0,322.0,181.0,319.0,185.0,319.0,183.0,321.0,201.0
124.0,200.0,129.0,200.0,128.0,197.0,132.0,195.0,133.0,197.0,130.0,197.0,139.0,194.0,140.0,194.0,142.0,190.0,142.0,190.0,144.0,195.0,149.0,187.0,156.0,185.0
155.0,289.0,149.0,290.0,148.0,279.0,147.0,265.0,151.0,256.0,146.0,253.0,142.0,244.0,136.0,243.0,138.0,230.0,139.0,221.0,134.0,214.0,136.0,205.0,126.0,174.0
238.0,32.0,233.0,36.0,230.0,41.0,226.0,47.0,219.0,50.0,214.0,57.0,210.0,60.0,204.0,65.0,200.0,68.0,196.0,74.0,189.0,86.0,184.0,84.0,165.0,106.0
234.0,261.0,236.0,260.0,239.0,256.0,238.0,256.0,243.0,255.0,241.0,249.0,245.0,251.0,251.0,242.0,248.0,247.0,251.0,243.0,255.0,243.0,252.0,244.0,264.0,232.0
210.0,246.0,207.0,233.0,202.0,230.0,201.0,221.0,200.0,215.0,190.0,212.0,186.0,209.0,186.0,194.0,186.0,192.0,180.0,181.0,180.0,180.0,177.0,173.0,165.0,151.0
155.0,31.0,161.0,36.0,169.0,39.0,176.0,46.0,187.0,49.0,194.0,53.0,201.0,59.0,210.0,63.0,219.0,69.0,225.0,75.0,228.0,76.0,243.0,85.0,274.0,105.0
258.0,343.0,260.0,337.0,263.0,334.0,268.0,326.0,271.0,321.0,275.0,312.0,276.0,314.0,281.0,307.0,283.0,304.0,289.0,296.0,286.0,295.0,288.0,288.0,304.0,268.0
252.0,249.0,242.0,249.0,232.0,253.0,220.0,255.0,212.0,259.0,200.0,259.0,193.0,261.0,183.0,263.0,170.0,265.0,161.0,268.0,151.0,270.0,141.0,271.0,102.0,281.0
308.0,124.0,298.0,133.0,288.0,138.0,277.0,150.0,269.0,153.0,260.0,160.0,252.0,165.0,243.0,174.0,235.0,179.0,227.0,189.0,212.0,199.0,208.0,200.0,172.0,230.0
100.0,170.0,95.0,157.0,87.0,149.0,77.0,139.0,77.0,128.0,64.0,113.0,62.0,107.0,56.0,100.0,51.0,90.0,46.0,79.0,35.0,72.0,33.0,60.0,10.0,19.0
272.0,173.0,267.0,174.0,262.0,179.0,259.0,183.0,252.0,186.0,247.0,192.0,244.0,196.0,237.0,200.0,228.0,200.0,228.0,207.0,224.0,211.0,218.0,217.0,199.0,232.0
231.0,288.0,226.0,286.0,222.0,279.0,216.0,273.0,216.0,264.0,204.0,264.0,201.0,260.0,199.0,259.0,191.0,250.0,186.0,244.0,179.0,241.0,174.0,234.0,156.0,215.0
201.0,192.0,195.0,188.0,188.0,181.0,180.0,175.0,179.0,177.0,170.0,165.0,163.0,160.0,158.0,158.0,152.0,151.0,148.0,151.0,141.0,136.0,134.0,135.0,110.0,117.0
132.0,64.0,147.0,61.0,152.0,69.0,164.0,73.0,170.0,70.0,178.0,70.0,188.0,71.0,194.0,73.0,203.0,74.0,215.0,76.0,219.0,70.0,236.0,81.0,268.0,81.0
129.0,121.0,130.0,132.0,137.0,139.0,144.0,147.0,146.0,158.0,153.0,161.0,161.0,172.0,165.0,179.0,170.0,184.0,179.0,194.0,184.0,202.0,191.0,210.0,215.0,243.0
209.0,262.0,208.0,261.0,204.0,258.0,199.0,251.0,193.0,246.0,189.0,238.0,188.0,236.0,178.0,228.0,179.0,228.0,173.0,223.0,168.0,218.0,172.0,207.0,151.0,193.0
93.0,141.0,97.0,142.0,102.0,141.0,113.0,142.0,121.0,143.0,127.0,144.0,135.0,140.0,143.0,143.0,151.0,148.0,158.0,143.0,166.0,143.0,177.0,144.0,208.0,143.0
170.0,279.0,174.0,269.0,176.0,260.0,178.0,252.0,178.0,242.0,181.0,234.0,183.0,226.0,184.0,214.0,186.0,206.0,190.0,198.0,193.0,190.0,193.0,179.0,202.0,144.0
45.0,307.0,42.0,297.0,38.0,287.0,35.0,276.0,34.0,267.0,30.0,256.0,28.0,249.0,25.0,239.0,23.0,227.0,19.0,218.0,15.0,209.0,13.0,199.0,1.0,158.0
178.0,20.0,179.0,23.0,183.0,27.0,189.0,33.0,191.0,35.0,196.0,40.0,202.0,45.0,206.0,47.0,211.0,54.0,221.0,54.0,224.0,61.0,227.0,63.0,248.0,81.0
241.0,141.0,239.0,139.0,234.0,135.0,231.0,131.0,227.0,125.0,223.0,124.0,219.0,117.0,215.0,115.0,209.0,110.0,204.0,110.0,201.0,102.0,200.0,99.0,183.0,83.0
186.0,120.0,181.0,114.0,167.0,115.0,165.0,106.0,158.0,102.0,151.0,94.0,149.0,90.0,138.0,87.0,130.0,82.0,125.0,75.0,116.0,70.0,108.0,67.0,82.0,46.0
247.0,270.0,242.0,268.0,239.0,265.0,228.0,262.0,224.0,257.0,217.0,257.0,212.0,254.0,205.0,245.0,194.0,244.0,194.0,244.0,185.0,241.0,185.0,234.0,157.0,226.0
228.0,89.0,231.0,83.0,235.0,80.0,242.0,73.0,239.0,72.0,245.0,66.0,245.0,62.0,249.0,59.0,255.0,56.0,259.0,52.0,257.0,46.0,260.0,45.0,274.0,28.0
229.0,119.0,230.0,112.0,227.0,109.0,223.0,101.0,217.0,91.0,219.0,84.0,218.0,80.0,215.0,71.0,214.0,66.0,210.0,54.0,209.0,52.0,209.0,45.0,201.0,16.0
110.0,254.0,121.0,258.0,126.0,264.0,133.0,269.0,141.0,275.0,145.0,281.0,151.0,287.0,156.0,291.0,165.0,298.0,167.0,299.0,176.0,312.0,180.0,315.0,206.0,341.0
151.0,57.0,144.0,60.0,134.0,61.0,122.0,61.0,115.0,59.0,102.0,62.0,93.0,62.0,82.0,59.0,73.0,61.0,62.0,62.0,54.0,59.0,44.0,61.0,4.0,61.0
306.0,188.0,303.0,182.0,287.0,183.0,277.0,171.0,269.0,166.0,263.0,159.0,242.0,163.0,238.0,152.0,227.0,146.0,218.0,141.0,209.0,137.0,196.0,131.0,158.0,113.0
225.0,203.0,224.0,208.0,222.0,201.0,225.0,205.0,227.0,207.0,230.0,203.0,228.0,204.0,231.0,205.0,235.0,205.0,231.0,205.0,235.0,205.0,234.0,203.0,239.0,204.0
213.0,111.0,219.0,115.0,228.0,122.0,227.0,136.0,231.0,148.0,229.0,151.0,238.0,159.0,244.0,168.0,245.0,177.0,249.0,182.0,256.0,191.0,256.0,205.0,275.0,232.0
302.0,163.0,301.0,171.0,298.0,180.0,294.0,188.0,296.0,192.0,295.0,201.0,294.0,208.0,294.0,215.0,288.0,222.0,293.0,226.0,292.0,233.0,291.0,242.0,287.0,270.0
114.0,192.0,110.0,192.0,111.0,198.0,115.0,199.0,119.0,204.0,120.0,209.0,120.0,212.0,120.0,212.0,119.0,222.0,128.0,225.0,125.0,222.0,123.0,226.0,129.0,238.0
359.0,184.0,347.0,175.0,350.0,168.0,340.0,167.0,335.0,161.0,334.0,157.0,317.0,150.0,316.0,140.0,309.0,135.0,303.0,128.0,299.0,124.0,291.0,118.0,269.0,94.0
134.0,173.0,127.0,181.0,122.0,186.0,110.0,194.0,100.0,205.0,92.0,212.0,80.0,220.0,78.0,228.0,75.0,241.0,58.0,242.0,52.0,250.0,45.0,261.0,14.0,292.0
211.0,3.0,201.0,5.0,199.0,5.0,195.0,5.0,188.0,8.0,182.0,7.0,176.0,7.0,170.0,7.0,164.0,6.0,159.0,5.0,152.0,8.0,146.0,8.0,122.0,7.0
126.0,-1.0,132.0,-2.0,127.0,11.0,137.0,7.0,139.0,12.0,136.0,12.0,146.0,18.0,147.0,23.0,149.0,24.0,152.0,28.0,155.0,35.0,161.0,34.0,172.0,46.0
239.0,119.0,245.0,126.0,249.0,131.0,253.0,138.0,258.0,147.0,265.0,152.0,268.0,163.0,272.0,167.0,278.0,176.0,289.0,182.0,289.0,189.0,293.0,195.0,314.0,224.0
230.0,277.0,224.0,274.0,218.0,273.0,212.0,269.0,205.0,269.0,203.0,261.0,196.0,261.0,191.0,257.0,187.0,254.0,184.0,249.0,177.0,246.0,173.0,245.0,153.0,233.0
296.0,147.0,294.0,156.0,291.0,164.0,291.0,173.0,285.0,177.0,284.0,184.0,278.0,192.0,278.0,200.0,273.0,205.0,271.0,212.0,270.0,219.0,265.0,227.0,253.0,255.0
180.0,282.0,175.0,289.0,172.0,284.0,173.0,292.0,166.0,289.0,165.0,283.0,156.0,291.0,154.0,290.0,152.0,296.0,143.0,291.0,135.0,299.0,136.0,296.0,121.0,299.0
278.0,200.0,274.0,189.0,277.0,178.0,275.0,175.0,276.0,170.0,276.0,162.0,272.0,153.0,272.0,148.0,270.0,139.0,265.0,129.0,270.0,131.0,269.0,119.0,265.0,92.0
120.0,157.0,116.0,160.0,116.0,176.0,118.0,181.0,119.0,195.0,118.0,198.0,116.0,202.0,121.0,215.0,119.0,221.0,118.0,228.0,115.0,235.0,120.0,245.0,120.0,278.0
54.0,283.0,57.0,275.0,62.0,271.0,58.0,263.0,58.0,256.0,61.0,247.0,61.0,240.0,65.0,240.0,64.0,229.0,67.0,215.0,66.0,212.0,68.0,208.0,71.0,179.0
161.0,331.0,152.0,334.0,135.0,330.0,130.0,327.0,124.0,320.0,109.0,317.0,99.0,319.0,90.0,320.0,79.0,315.0,71.0,314.0,58.0,317.0,49.0,309.0,11.0,303.0
171.0,60.0,158.0,66.0,150.0,74.0,142.0,80.0,130.0,88.0,121.0,98.0,110.0,107.0,105.0,115.0,97.0,123.0,81.0,126.0,73.0,139.0,64.0,147.0,33.0,178.0
179.0,297.0,171.0,287.0,162.0,276.0,154.0,266.0,143.0,252.0,140.0,245.0,132.0,238.0,121.0,225.0,115.0,217.0,105.0,206.0,99.0,195.0,92.0,185.0,59.0,147.0
68.0,32.0,71.0,39.0,74.0,50.0,75.0,50.0,75.0,58.0,80.0,59.0,79.0,68.0,82.0,76.0,83.0,81.0,85.0,87.0,85.0,88.0,88.0,94.0,98.0,124.0
33.0,284.0,36.0,279.0,41.0,277.0,45.0,276.0,53.0,273.0,58.0,275.0,62.0,272.0,65.0,267.0,70.0,261.0,75.0,264.0,77.0,262.0,85.0,262.0,107.0,253.0
246.0,171.0,242.0,172.0,236.0,177.0,236.0,181.0,230.0,183.0,227.0,187.0,222.0,188.0,215.0,196.0,214.0,195.0,213.0,198.0,208.0,201.0,205.0,203.0,188.0,216.0
188.0,32.0,180.0,26.0,178.0,33.0,180.0,32.0,181.0,30.0,178.0,31.0,174.0,30.0,172.0,30.0,170.0,32.0,174.0,36.0,166.0,30.0,171.0,26.0,158.0,32.0
153.0,132.0,149.0,143.0,147.0,151.0,147.0,159.0,140.0,173.0,138.0,174.0,143.0,186.0,138.0,195.0,135.0,200.0,134.0,212.0,126.0,227.0,127.0,226.0,122.0,268.0
346.0,213.0,339.0,209.0,329.0,205.0,331.0,194.0,317.0,191.0,312.0,189.0,306.0,182.0,299.0,179.0,288.0,176.0,281.0,169.0,275.0,161.0,271.0,158.0,242.0,138.0
173.0,154.0,178.0,158.0,180.0,165.0,183.0,175.0,188.0,179.0,194.0,189.0,196.0,196.0,203.0,206.0,206.0,208.0,209.0,215.0,213.0,221.0,211.0,231.0,233.0,258.0
254.0,213.0,248.0,212.0,240.0,221.0,227.0,224.0,213.0,235.0,203.0,240.0,193.0,248.0,182.0,257.0,174.0,261.0,165.0,266.0,155.0,272.0,146.0,278.0,105.0,302.0
71.0,138.0,66.0,127.0,61.0,118.0,57.0,111.0,55.0,102.0,52.0,93.0,48.0,85.0,41.0,75.0,41.0,67.0,33.0,57.0,31.0,45.0,32.0,41.0,11.0,2.0
310.0,167.0,299.0,174.0,291.0,181.0,282.0,181.0,271.0,195.0,264.0,199.0,253.0,208.0,247.0,216.0,235.0,221.0,230.0,225.0,217.0,237.0,206.0,245.0,174.0,271.0
191.0,175.0,194.0,181.0,204.0,185.0,215.0,187.0,213.0,188.0,225.0,194.0,233.0,199.0,243.0,205.0,249.0,206.0,257.0,213.0,266.0,214.0,275.0,219.0,307.0,236.0
287.0,82.0,280.0,82.0,275.0,83.0,271.0,78.0,261.0,82.0,253.0,82.0,248.0,81.0,239.0,83.0,231.0,81.0,225.0,83.0,220.0,84.0,210.0,84.0,184.0,83.0
22.0,241.0,22.0,243.0,23.0,245.0,19.0,244.0,18.0,247.0,17.0,248.0,12.0,253.0,15.0,250.0,14.0,251.0,12.0,245.0,13.0,251.0,14.0,252.0,9.0,257.0
24.0,312.0,22.0,306.0,20.0,297.0,21.0,296.0,19.0,291.0,16.0,286.0,19.0,276.0,23.0,266.0,15.0,267.0,16.0,261.0,16.0,253.0,14.0,248.0,10.0,224.0
253.0,198.0,255.0,196.0,254.0,194.0,252.0,195.0,257.0,190.0,258.0,188.0,257.0,187.0,260.0,187.0,255.0,186.0,260.0,183.0,260.0,181.0,263.0,176.0,267.0,170.0
159.0,281.0,168.0,275.0,180.0,273.0,184.0,262.0,194.0,257.0,207.0,253.0,216.0,245.0,222.0,237.0,228.0,233.0,233.0,227.0,252.0,222.0,261.0,212.0,293.0,190.0
181.0,50.0,176.0,49.0,177.0,47.0,178.0,45.0,181.0,40.0,187.0,40.0,182.0,42.0,185.0,43.0,183.0,42.0,186.0,40.0,186.0,40.0,191.0,39.0,192.0,35.0
110.0,89.0,100.0,85.0,96.0,81.0,94.0,81.0,89.0,79.0,85.0,75.0,74.0,73.0,74.0,68.0,73.0,72.0,66.0,59.0,61.0,59.0,59.0,60.0,35.0,46.0
45.0,45.0,55.0,47.0,62.0,45.0,70.0,46.0,81.0,44.0,91.0,40.0,99.0,39.0,107.0,41.0,122.0,36.0,128.0,41.0,133.0,38.0,145.0,34.0,180.0,32.0
254.0,44.0,254.0,49.0,249.0,48.0,247.0,54.0,246.0,54.0,244.0,55.0,243.0,60.0,240.0,62.0,238.0,69.0,236.0,71.0,235.0,73.0,231.0,77.0,225.0,89.0
330.0,164.0,322.0,157.0,319.0,159.0,317.0,157.0,316.0,155.0,313.0,154.0,315.0,157.0,312.0,152.0,314.0,155.0,311.0,151.0,306.0,150.0,302.0,148.0,295.0,144.0
175.0,248.0,181.0,237.0,186.0,228.0,188.0,220.0,189.0,210.0,191.0,200.0,192.0,190.0,194.0,183.0,202.0,173.0,198.0,165.0,200.0,155.0,204.0,145.0,211.0,111.0
27.0,181.0,37.0,178.0,43.0,172.0,51.0,170.0,57.0,164.0,62.0,159.0,69.0,155.0,77.0,149.0,80.0,146.0,91.0,135.0,99.0,135.0,105.0,130.0,134.0,109.0
229.0,280.0,225.0,285.0,222.0,288.0,219.0,292.0,214.0,297.0,214.0,302.0,209.0,305.0,213.0,313.0,206.0,311.0,200.0,318.0,193.0,321.0,194.0,323.0,184.0,341.0
238.0,198.0,247.0,197.0,251.0,190.0,256.0,182.0,262.0,173.0,269.0,167.0,272.0,164.0,277.0,152.0,284.0,147.0,285.0,137.0,293.0,132.0,298.0,127.0,318.0,98.0
167.0,133.0,162.0,129.0,154.0,122.0,156.0,120.0,150.0,116.0,146.0,116.0,147.0,107.0,145.0,99.0,141.0,98.0,134.0,90.0,138.0,90.0,130.0,89.0,119.0,72.0
146.0,277.0,146.0,266.0,136.0,261.0,133.0,253.0,125.0,241.0,116.0,233.0,109.0,225.0,104.0,215.0,100.0,207.0,95.0,198.0,81.0,186.0,80.0,179.0,57.0,144.0
86.0,251.0,91.0,257.0,96.0,267.0,104.0,269.0,109.0,272.0,119.0,282.0,122.0,281.0,125.0,288.0,133.0,292.0,139.0,296.0,145.0,305.0,152.0,309.0,175.0,328.0
167.0,230.0,160.0,228.0,162.0,222.0,158.0,216.0,151.0,213.0,143.0,202.0,139.0,203.0,144.0,202.0,139.0,187.0,133.0,185.0,130.0,177.0,124.0,175.0,109.0,157.0
357.0,356.0,350.0,354.0,345.0,351.0,337.0,350.0,330.0,352.0,328.0,346.0,321.0,353.0,310.0,346.0,299.0,349.0,295.0,346.0,289.0,344.0,280.0,346.0,253.0,340.0
50.0,226.0,53.0,217.0,59.0,214.0,56.0,210.0,53.0,199.0,61.0,195.0,64.0,187.0,63.0,185.0,65.0,180.0,68.0,171.0,76.0,170.0,74.0,161.0,81.0,137.0
153.0,94.0,151.0,94.0,157.0,82.0,154.0,78.0,157.0,74.0,160.0,69.0,161.0,64.0,162.0,60.0,162.0,52.0,164.0,48.0,164.0,44.0,166.0,37.0,170.0,19.0
37.0,350.0,45.0,350.0,54.0,353.0,62.0,351.0,72.0,351.0,82.0,357.0,87.0,350.0,95.0,352.0,100.0,348.0,110.0,352.0,118.0,346.0,122.0,351.0,159.0,352.0
17.0,293.0,20.0,283.0,19.0,273.0,16.0,260.0,19.0,256.0,19.0,245.0,19.0,237.0,19.0,230.0,22.0,216.0,19.0,212.0,17.0,201.0,20.0,192.0,19.0,157.0
278.0,134.0,266.0,143.0,260.0,153.0,250.0,161.0,246.0,174.0,231.0,180.0,224.0,189.0,215.0,197.0,204.0,206.0,196.0,213.0,182.0,220.0,181.0,238.0,142.0,269.0
149.0,245.0,145.0,247.0,149.0,240.0,138.0,244.0,142.0,246.0,137.0,243.0,135.0,241.0,138.0,234.0,133.0,238.0,129.0,237.0,131.0,236.0,127.0,236.0,118.0,232.0
86.0,308.0,87.0,302.0,83.0,299.0,82.0,295.0,82.0,292.0,82.0,287.0,82.0,284.0,80.0,277.0,78.0,275.0,77.0,269.0,75.0,266.0,78.0,261.0,72.0,247.0
62.0,196.0,65.0,194.0,68.0,187.0,74.0,173.0,79.0,171.0,80.0,166.0,86.0,157.0,88.0,151.0,91.0,146.0,92.0,138.0,99.0,129.0,104.0,124.0,122.0,95.0
300.0,194.0,295.0,190.0,300.0,194.0,294.0,190.0,293.0,193.0,300.0,190.0,295.0,188.0,294.0,188.0,289.0,187.0,292.0,184.0,291.0,185.0,287.0,187.0,286.0,180.0
73.0,238.0,77.0,242.0,87.0,243.0,95.0,244.0,101.0,252.0,110.0,247.0,116.0,249.0,123.0,251.0,128.0,254.0,135.0,259.0,145.0,260.0,152.0,262.0,179.0,269.0
147.0,116.0,147.0,118.0,153.0,114.0,152.0,115.0,160.0,110.0,163.0,110.0,165.0,110.0,168.0,110.0,172.0,107.0,170.0,104.0,177.0,105.0,180.0,105.0,193.0,101.0
145.0,25.0,147.0,28.0,156.0,34.0,166.0,36.0,172.0,39.0,177.0,41.0,182.0,42.0,192.0,47.0,205.0,47.0,208.0,53.0,212.0,58.0,222.0,61.0,249.0,72.0
282.0,132.0,278.0,134.0,278.0,129.0,278.0,126.0,276.0,119.0,274.0,126.0,271.0,117.0,270.0,119.0,272.0,117.0,267.0,119.0,262.0,111.0,262.0,111.0,253.0,102.0
232.0,308.0,236.0,300.0,241.0,296.0,245.0,288.0,251.0,285.0,255.0,271.0,261.0,271.0,269.0,269.0,268.0,262.0,272.0,255.0,279.0,252.0,290.0,237.0,306.0,217.0
314.0,98.0,303.0,87.0,295.0,81.0,289.0,73.0,282.0,68.0,271.0,65.0,268.0,52.0,255.0,51.0,244.0,39.0,239.0,37.0,233.0,33.0,219.0,22.0,193.0,3.0
46.0,56.0,53.0,62.0,54.0,69.0,59.0,75.0,63.0,85.0,67.0,91.0,73.0,99.0,79.0,105.0,79.0,112.0,82.0,120.0,87.0,125.0,91.0,132.0,108.0,161.0
171.0,105.0,180.0,105.0,192.0,104.0,196.0,102.0,204.0,105.0,212.0,104.0,219.0,100.0,223.0,105.0,234.0,104.0,239.0,99.0,251.0,105.0,260.0,105.0,293.0,104.0
44.0,21.0,45.0,20.0,51.0,20.0,51.0,23.0,51.0,25.0,54.0,26.0,55.0,26.0,60.0,25.0,60.0,28.0,62.0,29.0,70.0,32.0,66.0,32.0,75.0,35.0
303.0,344.0,296.0,336.0,287.0,327.0,279.0,321.0,271.0,314.0,262.0,306.0,254.0,301.0,249.0,294.0,239.0,287.0,233.0,281.0,228.0,277.0,217.0,266.0,184.0,238.0
53.0,254.0,51.0,250.0,56.0,247.0,62.0,244.0,63.0,242.0,63.0,241.0,73.0,238.0,78.0,237.0,82.0,236.0,86.0,231.0,87.0,230.0,93.0,229.0,109.0,221.0
237.0,245.0,242.0,242.0,248.0,235.0,249.0,234.0,262.0,234.0,265.0,234.0,271.0,231.0,275.0,230.0,285.0,227.0,292.0,224.0,291.0,228.0,304.0,222.0,327.0,214.0
293.0,350.0,291.0,350.0,283.0,340.0,280.0,340.0,272.0,337.0,269.0,334.0,262.0,332.0,260.0,329.0,258.0,321.0,247.0,321.0,243.0,320.0,240.0,315.0,219.0,305.0
211.0,260.0,209.0,265.0,205.0,270.0,204.0,274.0,206.0,285.0,197.0,286.0,194.0,288.0,193.0,293.0,187.0,298.0,187.0,303.0,181.0,309.0,181.0,316.0,168.0,335.0
282.0,314.0,284.0,318.0,283.0,316.0,279.0,323.0,281.0,319.0,281.0,321.0,284.0,322.0,287.0,322.0,283.0,324.0,281.0,326.0,282.0,328.0,282.0,325.0,283.0,331.0
209.0,144.0,205.0,148.0,200.0,155.0,194.0,161.0,193.0,173.0,192.0,172.0,188.0,178.0,185.0,184.0,178.0,189.0,180.0,196.0,176.0,205.0,173.0,210.0,163.0,234.0
127.0,143.0,124.0,135.0,117.0,128.0,112.0,117.0,109.0,110.0,104.0,100.0,98.0,92.0,91.0,80.0,86.0,72.0,85.0,58.0,77.0,54.0,71.0,44.0,53.0,10.0
271.0,221.0,274.0,232.0,279.0,241.0,280.0,249.0,284.0,258.0,287.0,267.0,289.0,276.0,292.0,287.0,297.0,293.0,300.0,305.0,307.0,315.0,305.0,323.0,318.0,358.0
99.0,330.0,108.0,331.0,110.0,329.0,117.0,328.0,120.0,327.0,128.0,325.0,132.0,325.0,138.0,325.0,151.0,318.0,155.0,324.0,157.0,322.0,162.0,320.0,188.0,317.0
275.0,170.0,269.0,170.0,263.0,166.0,255.0,162.0,253.0,163.0,240.0,159.0,240.0,153.0,232.0,152.0,227.0,150.0,216.0,140.0,211.0,138.0,209.0,142.0,186.0,128.0
311.0,330.0,305.0,335.0,303.0,334.0,306.0,337.0,301.0,339.0,291.0,339.0,288.0,333.0,290.0,337.0,287.0,338.0,284.0,340.0,280.0,340.0,275.0,343.0,266.0,346.0
80.0,311.0,78.0,302.0,79.0,296.0,76.0,287.0,78.0,275.0,76.0,269.0,72.0,261.0,71.0,253.0,70.0,246.0,68.0,234.0,68.0,230.0,68.0,222.0,65.0,191.0
13.0,104.0,18.0,111.0,22.0,122.0,21.0,127.0,26.0,137.0,36.0,150.0,35.0,152.0,43.0,166.0,45.0,174.0,49.0,183.0,53.0,192.0,59.0,203.0,75.0,239.0
158.0,28.0,155.0,31.0,156.0,34.0,144.0,37.0,142.0,41.0,143.0,52.0,135.0,49.0,131.0,54.0,127.0,60.0,120.0,60.0,116.0,68.0,111.0,76.0,100.0,87.0
299.0,131.0,288.0,133.0,277.0,138.0,269.0,145.0,258.0,149.0,247.0,154.0,239.0,160.0,226.0,164.0,216.0,169.0,207.0,176.0,198.0,181.0,188.0,186.0,148.0,205.0
151.0,221.0,151.0,217.0,153.0,216.0,157.0,213.0,157.0,213.0,160.0,208.0,163.0,203.0,164.0,202.0,171.0,199.0,171.0,197.0,170.0,188.0,167.0,184.0,181.0,177.0
31.0,71.0,33.0,72.0,32.0,72.0,32.0,72.0,30.0,75.0,32.0,73.0,36.0,75.0,32.0,75.0,31.0,79.0,29.0,84.0,33.0,81.0,31.0,81.0,32.0,85.0
160.0,282.0,154.0,273.0,150.0,274.0,141.0,268.0,134.0,259.0,125.0,253.0,121.0,250.0,109.0,240.0,107.0,238.0,96.0,228.0,99.0,224.0,91.0,213.0,59.0,195.0
242.0,120.0,251.0,123.0,254.0,128.0,255.0,132.0,258.0,137.0,262.0,141.0,267.0,143.0,270.0,147.0,266.0,156.0,273.0,156.0,279.0,160.0,279.0,163.0,293.0,181.0
213.0,157.0,222.0,162.0,223.0,164.0,236.0,169.0,244.0,172.0,247.0,179.0,255.0,183.0,263.0,184.0,270.0,193.0,278.0,192.0,285.0,197.0,291.0,200.0,320.0,218.0
102.0,17.0,98.0,25.0,91.0,32.0,87.0,45.0,81.0,49.0,78.0,58.0,74.0,66.0,69.0,72.0,63.0,80.0,56.0,91.0,54.0,99.0,49.0,107.0,28.0,138.0
131.0,96.0,126.0,104.0,124.0,115.0,129.0,121.0,120.0,130.0,121.0,139.0,119.0,145.0,115.0,155.0,114.0,160.0,112.0,171.0,111.0,176.0,108.0,184.0,100.0,218.0
244.0,311.0,249.0,310.0,250.0,309.0,251.0,306.0,255.0,305.0,255.0,300.0,258.0,302.0,259.0,301.0,265.0,297.0,266.0,305.0,266.0,300.0,263.0,295.0,276.0,295.0
272.0,197.0,261.0,192.0,252.0,186.0,242.0,184.0,230.0,179.0,219.0,174.0,211.0,177.0,199.0,166.0,193.0,160.0,180.0,163.0,165.0,150.0,161.0,151.0,121.0,136.0
181.0,266.0,181.0,261.0,184.0,264.0,186.0,264.0,188.0,261.0,190.0,261.0,192.0,259.0,197.0,257.0,199.0,259.0,202.0,257.0,202.0,255.0,204.0,254.0,212.0,251.0
174.0,65.0,160.0,66.0,154.0,79.0,150.0,84.0,135.0,97.0,119.0,100.0,115.0,110.0,106.0,119.0,93.0,126.0,82.0,135.0,76.0,144.0,66.0,152.0,25.0,184.0
326.0,58.0,320.0,56.0,310.0,62.0,306.0,56.0,299.0,57.0,290.0,57.0,280.0,56.0,277.0,56.0,268.0,57.0,258.0,51.0,254.0,55.0,250.0,57.0,221.0,57.0
124.0,122.0,126.0,124.0,114.0,127.0,117.0,128.0,114.0,132.0,114.0,134.0,110.0,137.0,108.0,142.0,108.0,143.0,105.0,148.0,102.0,150.0,100.0,152.0,94.0,166.0
336.0,257.0,334.0,258.0,324.0,249.0,316.0,244.0,311.0,240.0,302.0,235.0,297.0,232.0,289.0,228.0,280.0,224.0,270.0,222.0,266.0,212.0,262.0,212.0,233.0,197.0
122.0,351.0,122.0,346.0,121.0,346.0,117.0,352.0,124.0,345.0,117.0,350.0,122.0,346.0,122.0,348.0,124.0,347.0,122.0,346.0,124.0,346.0,120.0,352.0,123.0,347.0
301.0,183.0,292.0,183.0,290.0,186.0,280.0,195.0,272.0,201.0,265.0,206.0,263.0,207.0,256.0,222.0,246.0,221.0,233.0,232.0,229.0,232.0,225.0,235.0,196.0,257.0
79.0,308.0,71.0,302.0,72.0,299.0,71.0,281.0,69.0,281.0,69.0,274.0,68.0,269.0,65.0,257.0,64.0,250.0,60.0,245.0,58.0,237.0,56.0,232.0,49.0,203.0
128.0,242.0,123.0,251.0,120.0,257.0,113.0,261.0,107.0,273.0,103.0,272.0,99.0,279.0,95.0,285.0,89.0,292.0,86.0,298.0,78.0,304.0,73.0,310.0,55.0,334.0
48.0,219.0,45.0,228.0,42.0,236.0,45.0,243.0,34.0,251.0,38.0,261.0,34.0,266.0,33.0,270.0,32.0,287.0,25.0,288.0,23.0,294.0,24.0,310.0,18.0,340.0
339.0,154.0,337.0,144.0,345.0,132.0,341.0,123.0,341.0,116.0,342.0,104.0,344.0,96.0,345.0,83.0,347.0,76.0,346.0,66.0,352.0,59.0,350.0,46.0,353.0,5.0
225.0,199.0,221.0,194.0,220.0,189.0,212.0,180.0,209.0,177.0,208.0,172.0,203.0,165.0,193.0,157.0,195.0,153.0,191.0,147.0,188.0,140.0,183.0,135.0,167.0,111.0
-1.0,293.0,2.0,283.0,9.0,277.0,14.0,266.0,15.0,257.0,18.0,249.0,18.0,237.0,29.0,229.0,33.0,221.0,35.0,213.0,40.0,205.0,43.0,194.0,60.0,159.0
310.0,71.0,302.0,71.0,293.0,68.0,286.0,70.0,280.0,68.0,275.0,67.0,267.0,67.0,261.0,65.0,252.0,64.0,244.0,66.0,238.0,60.0,230.0,60.0,204.0,57.0
230.0,57.0,240.0,52.0,241.0,50.0,253.0,47.0,265.0,40.0,267.0,43.0,269.0,40.0,286.0,35.0,291.0,27.0,293.0,28.0,302.0,25.0,307.0,24.0,337.0,12.0
356.0,72.0,358.0,69.0,351.0,64.0,349.0,62.0,348.0,57.0,344.0,53.0,342.0,52.0,343.0,46.0,340.0,40.0,337.0,37.0,336.0,35.0,328.0,25.0,326.0,13.0
127.0,5.0,124.0,10.0,123.0,14.0,123.0,17.0,121.0,23.0,120.0,26.0,121.0,30.0,119.0,36.0,117.0,40.0,117.0,44.0,115.0,45.0,114.0,52.0,111.0,67.0
230.0,72.0,231.0,70.0,234.0,67.0,241.0,72.0,241.0,77.0,240.0,87.0,250.0,90.0,251.0,88.0,252.0,91.0,256.0,92.0,260.0,95.0,260.0,100.0,274.0,112.0
205.0,330.0,202.0,320.0,200.0,310.0,198.0,303.0,194.0,292.0,190.0,283.0,183.0,275.0,183.0,267.0,179.0,253.0,175.0,246.0,176.0,239.0,168.0,233.0,162.0,195.0
292.0,103.0,282.0,103.0,273.0,99.0,260.0,90.0,250.0,95.0,242.0,90.0,233.0,88.0,224.0,82.0,213.0,81.0,202.0,77.0,193.0,75.0,189.0,70.0,144.0,60.0
261.0,259.0,254.0,262.0,250.0,260.0,252.0,257.0,237.0,266.0,238.0,260.0,233.0,260.0,226.0,262.0,220.0,261.0,216.0,260.0,211.0,259.0,205.0,261.0,187.0,261.0
233.0,310.0,231.0,307.0,232.0,295.0,223.0,286.0,225.0,280.0,224.0,274.0,223.0,266.0,221.0,261.0,220.0,254.0,216.0,245.0,215.0,240.0,212.0,232.0,205.0,205.0
145.0,12.0,160.0,10.0,166.0,20.0,173.0,25.0,181.0,32.0,192.0,36.0,198.0,41.0,210.0,45.0,223.0,54.0,225.0,54.0,239.0,56.0,244.0,67.0,281.0,86.0
26.0,81.0,29.0,85.0,40.0,81.0,44.0,81.0,51.0,83.0,56.0,83.0,65.0,83.0,75.0,83.0,80.0,82.0,86.0,83.0,94.0,81.0,103.0,83.0,130.0,82.0
169.0,246.0,160.0,248.0,151.0,252.0,148.0,253.0,135.0,259.0,126.0,262.0,115.0,265.0,101.0,270.0,99.0,269.0,88.0,275.0,81.0,278.0,66.0,277.0,35.0,292.0
9.0,118.0,20.0,122.0,23.0,112.0,26.0,115.0,32.0,107.0,43.0,104.0,48.0,103.0,61.0,104.0,67.0,99.0,69.0,93.0,79.0,90.0,81.0,88.0,113.0,75.0
137.0,233.0,137.0,236.0,132.0,240.0,134.0,244.0,126.0,245.0,129.0,249.0,125.0,251.0,119.0,257.0,116.0,259.0,113.0,257.0,112.0,267.0,107.0,266.0,94.0,280.0
20.0,242.0,29.0,236.0,37.0,225.0,45.0,217.0,55.0,203.0,58.0,199.0,67.0,188.0,75.0,182.0,84.0,172.0,89.0,166.0,101.0,154.0,111.0,146.0,141.0,109.0
272.0,328.0,264.0,329.0,256.0,332.0,254.0,332.0,244.0,334.0,236.0,333.0,231.0,339.0,224.0,341.0,220.0,343.0,210.0,344.0,200.0,346.0,194.0,350.0,167.0,357.0
355.0,113.0,342.0,112.0,342.0,115.0,334.0,115.0,328.0,119.0,323.0,123.0,312.0,118.0,306.0,119.0,294.0,124.0,286.0,121.0,286.0,125.0,278.0,125.0,250.0,129.0
148.0,17.0,146.0,23.0,152.0,24.0,145.0,30.0,152.0,38.0,145.0,42.0,145.0,48.0,146.0,52.0,148.0,58.0,147.0,62.0,145.0,65.0,145.0,72.0,147.0,92.0
157.0,188.0,156.0,180.0,157.0,173.0,160.0,162.0,154.0,157.0,158.0,150.0,157.0,140.0,157.0,132.0,154.0,125.0,156.0,118.0,154.0,109.0,154.0,100.0,156.0,70.0
219.0,261.0,213.0,267.0,203.0,272.0,195.0,275.0,196.0,272.0,191.0,276.0,186.0,278.0,179.0,278.0,174.0,283.0,174.0,282.0,165.0,285.0,159.0,286.0,140.0,296.0
165.0,42.0,161.0,45.0,148.0,55.0,139.0,51.0,129.0,55.0,121.0,62.0,110.0,61.0,99.0,68.0,91.0,70.0,82.0,70.0,75.0,74.0,64.0,75.0,30.0,89.0
111.0,98.0,108.0,94.0,109.0,95.0,101.0,90.0,97.0,86.0,97.0,83.0,94.0,78.0,89.0,75.0,81.0,68.0,89.0,70.0,82.0,68.0,79.0,66.0,66.0,53.0
1.0,136.0,5.0,132.0,18.0,122.0,26.0,119.0,37.0,113.0,43.0,106.0,55.0,98.0,63.0,94.0,74.0,86.0,83.0,79.0,86.0,73.0,97.0,69.0,135.0,46.0
195.0,241.0,204.0,250.0,209.0,252.0,220.0,253.0,231.0,260.0,241.0,264.0,251.0,271.0,260.0,273.0,270.0,276.0,277.0,281.0,286.0,285.0,299.0,290.0,332.0,306.0
202.0,72.0,196.0,72.0,184.0,73.0,178.0,74.0,174.0,71.0,167.0,72.0,164.0,66.0,156.0,68.0,150.0,67.0,139.0,62.0,139.0,66.0,131.0,64.0,108.0,61.0
269.0,86.0,275.0,83.0,278.0,78.0,283.0,73.0,296.0,69.0,299.0,68.0,302.0,68.0,311.0,63.0,315.0,60.0,323.0,59.0,326.0,55.0,330.0,48.0,358.0,40.0
190.0,348.0,194.0,338.0,198.0,330.0,207.0,316.0,209.0,308.0,216.0,301.0,221.0,288.0,227.0,285.0,230.0,269.0,233.0,261.0,239.0,248.0,245.0,238.0,265.0,200.0
82.0,154.0,81.0,153.0,86.0,145.0,92.0,136.0,89.0,132.0,95.0,125.0,94.0,122.0,104.0,114.0,109.0,106.0,105.0,102.0,107.0,97.0,116.0,89.0,127.0,66.0
123.0,232.0,124.0,236.0,138.0,230.0,149.0,232.0,157.0,229.0,169.0,225.0,178.0,229.0,182.0,231.0,194.0,231.0,197.0,232.0,210.0,232.0,219.0,229.0,256.0,231.0
257.0,326.0,258.0,314.0,256.0,303.0,253.0,292.0,251.0,282.0,252.0,277.0,243.0,262.0,244.0,250.0,236.0,245.0,238.0,232.0,228.0,226.0,226.0,207.0,217.0,173.0
239.0,242.0,237.0,244.0,223.0,252.0,217.0,256.0,210.0,258.0,205.0,265.0,194.0,272.0,189.0,270.0,183.0,275.0,177.0,278.0,170.0,282.0,163.0,289.0,134.0,304.0
291.0,160.0,292.0,168.0,294.0,175.0,295.0,181.0,299.0,187.0,302.0,194.0,299.0,200.0,301.0,207.0,301.0,213.0,298.0,219.0,304.0,223.0,300.0,224.0,309.0,254.0
158.0,221.0,161.0,217.0,164.0,205.0,166.0,198.0,163.0,192.0,163.0,189.0,168.0,187.0,171.0,179.0,172.0,172.0,176.0,166.0,181.0,164.0,180.0,157.0,188.0,132.0
170.0,142.0,167.0,139.0,164.0,131.0,160.0,123.0,164.0,119.0,155.0,112.0,153.0,106.0,148.0,99.0,146.0,93.0,146.0,94.0,141.0,87.0,139.0,76.0,126.0,53.0
59.0,155.0,66.0,155.0,70.0,158.0,82.0,153.0,89.0,152.0,95.0,153.0,102.0,154.0,106.0,150.0,116.0,152.0,122.0,155.0,131.0,154.0,137.0,152.0,166.0,154.0
15.0,155.0,28.0,159.0,32.0,167.0,36.0,166.0,45.0,166.0,53.0,170.0,59.0,174.0,66.0,177.0,74.0,180.0,81.0,184.0,88.0,186.0,95.0,190.0,122.0,201.0
128.0,58.0,131.0,55.0,134.0,56.0,141.0,54.0,142.0,53.0,149.0,52.0,151.0,48.0,157.0,51.0,159.0,50.0,165.0,48.0,171.0,46.0,170.0,48.0,188.0,43.0
220.0,160.0,223.0,160.0,218.0,168.0,217.0,171.0,212.0,175.0,212.0,188.0,211.0,191.0,214.0,193.0,206.0,202.0,204.0,209.0,202.0,214.0,203.0,220.0,194.0,245.0
245.0,151.0,236.0,159.0,229.0,162.0,222.0,167.0,214.0,173.0,206.0,177.0,192.0,179.0,195.0,187.0,180.0,193.0,172.0,196.0,167.0,202.0,159.0,202.0,126.0,228.0
195.0,70.0,186.0,69.0,176.0,67.0,164.0,64.0,154.0,62.0,146.0,67.0,132.0,60.0,123.0,58.0,114.0,56.0,104.0,52.0,98.0,51.0,86.0,49.0,45.0,42.0
149.0,203.0,141.0,200.0,134.0,197.0,133.0,190.0,123.0,187.0,116.0,183.0,111.0,176.0,105.0,171.0,98.0,165.0,91.0,164.0,84.0,155.0,80.0,150.0,56.0,132.0
258.0,262.0,250.0,257.0,246.0,255.0,240.0,251.0,237.0,242.0,231.0,240.0,229.0,235.0,221.0,234.0,215.0,230.0,213.0,226.0,205.0,222.0,207.0,215.0,182.0,202.0
195.0,232.0,198.0,237.0,198.0,242.0,195.0,242.0,201.0,250.0,203.0,251.0,205.0,261.0,213.0,263.0,213.0,259.0,208.0,263.0,214.0,271.0,216.0,276.0,225.0,293.0
212.0,180.0,202.0,173.0,187.0,172.0,184.0,158.0,172.0,154.0,160.0,140.0,153.0,140.0,142.0,126.0,131.0,123.0,122.0,119.0,111.0,111.0,103.0,104.0,63.0,76.0
164.0,190.0,169.0,196.0,174.0,203.0,180.0,211.0,185.0,216.0,187.0,228.0,195.0,231.0,198.0,238.0,206.0,244.0,209.0,253.0,220.0,257.0,218.0,267.0,240.0,294.0
306.0,110.0,297.0,119.0,286.0,128.0,278.0,134.0,265.0,144.0,256.0,153.0,248.0,160.0,238.0,167.0,229.0,174.0,212.0,180.0,204.0,187.0,194.0,201.0,157.0,232.0
45.0,268.0,51.0,264.0,57.0,259.0,60.0,257.0,66.0,254.0,70.0,250.0,77.0,245.0,80.0,241.0,87.0,236.0,94.0,231.0,98.0,229.0,103.0,224.0,122.0,209.0
138.0,314.0,141.0,311.0,152.0,302.0,162.0,297.0,171.0,290.0,180.0,281.0,186.0,274.0,195.0,268.0,205.0,260.0,215.0,253.0,225.0,247.0,234.0,242.0,269.0,213.0
216.0,82.0,211.0,79.0,212.0,78.0,210.0,75.0,207.0,73.0,207.0,68.0,208.0,64.0,202.0,64.0,199.0,60.0,195.0,56.0,194.0,54.0,192.0,49.0,185.0,39.0
224.0,264.0,232.0,264.0,239.0,265.0,242.0,266.0,252.0,262.0,255.0,267.0,262.0,268.0,267.0,270.0,274.0,272.0,282.0,276.0,284.0,274.0,290.0,273.0,316.0,279.0
228.0,290.0,227.0,294.0,224.0,290.0,221.0,290.0,216.0,282.0,206.0,287.0,204.0,283.0,198.0,281.0,191.0,281.0,183.0,276.0,181.0,276.0,179.0,274.0,158.0,266.0
131.0,69.0,139.0,75.0,146.0,87.0,155.0,95.0,165.0,99.0,166.0,113.0,176.0,121.0,187.0,129.0,185.0,134.0,194.0,150.0,201.0,158.0,210.0,165.0,238.0,203.0
89.0,315.0,99.0,322.0,105.0,320.0,110.0,321.0,116.0,322.0,127.0,327.0,137.0,326.0,140.0,327.0,147.0,330.0,155.0,338.0,165.0,336.0,175.0,336.0,208.0,346.0
255.0,84.0,252.0,87.0,254.0,83.0,252.0,80.0,253.0,84.0,251.0,82.0,251.0,87.0,249.0,81.0,245.0,87.0,245.0,83.0,245.0,80.0,245.0,82.0,241.0,83.0
274.0,337.0,265.0,334.0,253.0,328.0,250.0,325.0,238.0,323.0,232.0,319.0,217.0,312.0,217.0,313.0,205.0,305.0,192.0,302.0,184.0,303.0,176.0,295.0,141.0,278.0
116.0,68.0,121.0,77.0,124.0,81.0,128.0,94.0,132.0,106.0,135.0,107.0,141.0,117.0,147.0,124.0,147.0,132.0,149.0,140.0,155.0,149.0,159.0,159.0,176.0,190.0
261.0,115.0,262.0,109.0,263.0,105.0,264.0,99.0,268.0,93.0,271.0,86.0,266.0,76.0,269.0,74.0,275.0,69.0,282.0,58.0,279.0,54.0,283.0,46.0,290.0,26.0
13.0,194.0,17.0,192.0,16.0,193.0,21.0,191.0,20.0,190.0,22.0,190.0,24.0,189.0,27.0,185.0,30.0,187.0,28.0,182.0,39.0,181.0,34.0,183.0,44.0,179.0
159.0,170.0,152.0,174.0,158.0,186.0,157.0,192.0,160.0,203.0,155.0,206.0,152.0,212.0,151.0,222.0,155.0,231.0,148.0,234.0,147.0,243.0,152.0,248.0,144.0,277.0
29.0,241.0,33.0,230.0,44.0,229.0,46.0,221.0,55.0,214.0,64.0,208.0,67.0,204.0,77.0,200.0,84.0,184.0,90.0,189.0,103.0,177.0,113.0,169.0,144.0,148.0
287.0,168.0,284.0,168.0,267.0,174.0,258.0,170.0,250.0,179.0,239.0,182.0,229.0,184.0,218.0,189.0,207.0,190.0,198.0,195.0,190.0,198.0,177.0,201.0,139.0,212.0
126.0,170.0,121.0,168.0,115.0,173.0,115.0,175.0,106.0,173.0,106.0,180.0,105.0,185.0,101.0,188.0,100.0,190.0,96.0,192.0,92.0,194.0,90.0,200.0,78.0,211.0
154.0,176.0,161.0,164.0,169.0,159.0,176.0,148.0,185.0,137.0,191.0,131.0,201.0,120.0,209.0,111.0,214.0,101.0,224.0,95.0,230.0,80.0,239.0,74.0,273.0,40.0
306.0,206.0,305.0,206.0,303.0,209.0,304.0,215.0,306.0,215.0,304.0,216.0,306.0,219.0,310.0,223.0,309.0,216.0,305.0,224.0,305.0,226.0,304.0,228.0,305.0,236.0
123.0,318.0,122.0,313.0,112.0,301.0,104.0,299.0,96.0,294.0,89.0,288.0,82.0,283.0,76.0,275.0,69.0,268.0,62.0,264.0,57.0,256.0,43.0,248.0,19.0,228.0
0.0,124.0,0.0,131.0,9.0,129.0,17.0,132.0,21.0,135.0,25.0,140.0,31.0,141.0,35.0,145.0,40.0,150.0,45.0,150.0,51.0,154.0,57.0,156.0,76.0,170.0
124.0,129.0,128.0,130.0,130.0,133.0,137.0,132.0,138.0,133.0,145.0,136.0,146.0,138.0,150.0,142.0,150.0,141.0,161.0,139.0,165.0,139.0,166.0,141.0,184.0,146.0
96.0,23.0,101.0,31.0,106.0,37.0,106.0,47.0,107.0,56.0,109.0,64.0,117.0,78.0,114.0,76.0,120.0,94.0,124.0,97.0,127.0,103.0,135.0,112.0,142.0,145.0
286.0,183.0,282.0,187.0,289.0,199.0,287.0,196.0,288.0,202.0,291.0,202.0,286.0,211.0,286.0,215.0,287.0,216.0,289.0,220.0,292.0,220.0,289.0,229.0,288.0,246.0
93.0,69.0,91.0,84.0,86.0,89.0,85.0,101.0,84.0,109.0,84.0,118.0,81.0,125.0,82.0,137.0,86.0,145.0,81.0,152.0,83.0,163.0,76.0,175.0,74.0,208.0
258.0,141.0,264.0,138.0,264.0,131.0,272.0,131.0,275.0,126.0,286.0,116.0,286.0,116.0,293.0,112.0,298.0,109.0,305.0,103.0,309.0,102.0,317.0,97.0,333.0,82.0
147.0,99.0,150.0,106.0,154.0,112.0,160.0,125.0,161.0,127.0,162.0,135.0,167.0,139.0,170.0,147.0,171.0,155.0,174.0,159.0,180.0,168.0,178.0,173.0,194.0,204.0
119.0,47.0,129.0,45.0,133.0,43.0,142.0,43.0,152.0,41.0,158.0,37.0,168.0,36.0,180.0,32.0,177.0,36.0,191.0,29.0,197.0,30.0,206.0,22.0,239.0,19.0
72.0,200.0,79.0,208.0,84.0,212.0,85.0,218.0,91.0,224.0,94.0,227.0,98.0,232.0,101.0,239.0,106.0,245.0,109.0,250.0,113.0,254.0,119.0,259.0,135.0,279.0
327.0,280.0,320.0,274.0,317.0,264.0,310.0,255.0,302.0,248.0,298.0,238.0,290.0,229.0,285.0,221.0,278.0,210.0,272.0,202.0,273.0,195.0,262.0,182.0,238.0,148.0
82.0,70.0,90.0,70.0,96.0,72.0,103.0,74.0,114.0,75.0,120.0,77.0,125.0,75.0,139.0,87.0,146.0,83.0,151.0,87.0,159.0,90.0,168.0,91.0,201.0,99.0
272.0,301.0,273.0,292.0,279.0,295.0,281.0,297.0,290.0,294.0,289.0,295.0,296.0,290.0,299.0,297.0,303.0,297.0,308.0,294.0,312.0,295.0,317.0,292.0,331.0,296.0
216.0,210.0,222.0,205.0,224.0,199.0,225.0,189.0,235.0,178.0,231.0,177.0,235.0,169.0,239.0,162.0,243.0,157.0,244.0,147.0,247.0,142.0,250.0,134.0,263.0,107.0
256.0,145.0,253.0,147.0,252.0,149.0,253.0,150.0,249.0,151.0,247.0,154.0,245.0,157.0,245.0,158.0,243.0,161.0,240.0,163.0,238.0,167.0,237.0,165.0,228.0,175.0
229.0,234.0,227.0,244.0,221.0,248.0,219.0,256.0,212.0,261.0,204.0,269.0,199.0,277.0,195.0,284.0,196.0,289.0,187.0,297.0,175.0,302.0,176.0,309.0,156.0,339.0
4.0,182.0,10.0,178.0,17.0,171.0,21.0,163.0,31.0,158.0,37.0,153.0,46.0,142.0,55.0,139.0,58.0,133.0,67.0,129.0,75.0,122.0,78.0,115.0,109.0,93.0
114.0,63.0,114.0,63.0,100.0,73.0,94.0,78.0,86.0,79.0,81.0,84.0,68.0,93.0,68.0,93.0,60.0,97.0,51.0,99.0,42.0,100.0,40.0,104.0,11.0,125.0
171.0,137.0,181.0,145.0,187.0,150.0,193.0,159.0,201.0,168.0,204.0,177.0,211.0,183.0,217.0,192.0,222.0,200.0,229.0,205.0,235.0,217.0,242.0,223.0,266.0,256.0
326.0,186.0,330.0,196.0,328.0,206.0,329.0,215.0,328.0,223.0,331.0,234.0,330.0,243.0,335.0,255.0,332.0,258.0,332.0,268.0,334.0,276.0,334.0,292.0,340.0,323.0
230.0,114.0,217.0,109.0,211.0,103.0,200.0,105.0,190.0,98.0,180.0,97.0,165.0,89.0,160.0,90.0,148.0,89.0,137.0,85.0,129.0,83.0,119.0,77.0,79.0,68.0
258.0,236.0,258.0,228.0,251.0,220.0,245.0,209.0,240.0,199.0,236.0,191.0,234.0,184.0,223.0,170.0,223.0,170.0,213.0,156.0,206.0,152.0,204.0,139.0,185.0,102.0
313.0,77.0,311.0,77.0,297.0,77.0,289.0,72.0,281.0,68.0,273.0,66.0,264.0,65.0,256.0,64.0,245.0,62.0,237.0,58.0,233.0,62.0,219.0,56.0,183.0,47.0
358.0,42.0,350.0,56.0,338.0,58.0,332.0,70.0,319.0,84.0,313.0,87.0,304.0,98.0,300.0,111.0,288.0,120.0,274.0,124.0,269.0,135.0,258.0,148.0,223.0,179.0
186.0,109.0,188.0,110.0,193.0,113.0,199.0,107.0,203.0,105.0,201.0,103.0,205.0,100.0,213.0,104.0,218.0,100.0,221.0,101.0,224.0,98.0,231.0,100.0,246.0,95.0
119.0,200.0,114.0,194.0,108.0,189.0,103.0,187.0,98.0,178.0,91.0,172.0,91.0,170.0,79.0,159.0,72.0,151.0,66.0,146.0,63.0,141.0,56.0,134.0,32.0,111.0
86.0,83.0,92.0,86.0,95.0,87.0,104.0,87.0,110.0,83.0,121.0,93.0,128.0,91.0,133.0,93.0,142.0,92.0,146.0,94.0,158.0,97.0,156.0,94.0,190.0,100.0
107.0,238.0,101.0,229.0,95.0,222.0,92.0,216.0,85.0,209.0,80.0,197.0,75.0,196.0,65.0,186.0,66.0,182.0,54.0,172.0,50.0,165.0,37.0,160.0,19.0,132.0
168.0,65.0,168.0,63.0,168.0,64.0,167.0,64.0,167.0,67.0,163.0,71.0,159.0,67.0,161.0,74.0,158.0,76.0,156.0,75.0,152.0,78.0,153.0,81.0,144.0,90.0
3.0,282.0,4.0,278.0,8.0,277.0,12.0,271.0,10.0,275.0,13.0,271.0,15.0,272.0,17.0,270.0,20.0,269.0,20.0,269.0,23.0,267.0,24.0,267.0,33.0,263.0
117.0,50.0,115.0,45.0,114.0,41.0,118.0,44.0,113.0,41.0,115.0,33.0,118.0,30.0,116.0,32.0,116.0,26.0,111.0,20.0,116.0,19.0,113.0,18.0,116.0,4.0
78.0,123.0,86.0,128.0,93.0,131.0,98.0,133.0,104.0,142.0,109.0,148.0,115.0,152.0,117.0,160.0,128.0,162.0,134.0,168.0,138.0,171.0,147.0,176.0,170.0,197.0
325.0,241.0,316.0,235.0,309.0,238.0,301.0,235.0,293.0,236.0,291.0,239.0,280.0,238.0,271.0,235.0,264.0,238.0,255.0,237.0,246.0,235.0,239.0,235.0,207.0,237.0
86.0,156.0,88.0,152.0,88.0,147.0,91.0,143.0,91.0,139.0,96.0,138.0,96.0,131.0,98.0,128.0,105.0,122.0,104.0,117.0,106.0,116.0,110.0,113.0,115.0,97.0
137.0,18.0,141.0,22.0,148.0,26.0,153.0,35.0,157.0,41.0,164.0,47.0,168.0,55.0,166.0,64.0,176.0,67.0,181.0,72.0,183.0,77.0,186.0,86.0,212.0,108.0
95.0,85.0,98.0,85.0,103.0,84.0,108.0,82.0,112.0,80.0,113.0,82.0,118.0,77.0,124.0,77.0,132.0,74.0,132.0,76.0,133.0,74.0,140.0,75.0,155.0,71.0
219.0,284.0,209.0,286.0,206.0,288.0,198.0,291.0,200.0,291.0,190.0,292.0,184.0,291.0,181.0,293.0,176.0,294.0,171.0,294.0,164.0,296.0,160.0,296.0,140.0,302.0
166.0,204.0,160.0,207.0,151.0,212.0,142.0,219.0,136.0,225.0,126.0,227.0,115.0,232.0,112.0,240.0,101.0,243.0,96.0,247.0,92.0,249.0,78.0,259.0,47.0,279.0
98.0,20.0,107.0,26.0,112.0,36.0,121.0,46.0,125.0,55.0,135.0,64.0,140.0,73.0,149.0,81.0,156.0,90.0,164.0,98.0,169.0,114.0,177.0,116.0,205.0,154.0
203.0,213.0,205.0,214.0,214.0,212.0,213.0,202.0,218.0,194.0,222.0,193.0,225.0,188.0,232.0,184.0,237.0,178.0,238.0,174.0,244.0,170.0,245.0,163.0,263.0,144.0
105.0,102.0,104.0,99.0,99.0,92.0,97.0,88.0,95.0,84.0,92.0,78.0,89.0,73.0,80.0,66.0,84.0,61.0,78.0,57.0,78.0,52.0,75.0,46.0,62.0,28.0
21.0,259.0,20.0,265.0,24.0,268.0,16.0,272.0,16.0,280.0,14.0,284.0,14.0,290.0,15.0,294.0,15.0,297.0,10.0,303.0,11.0,308.0,11.0,315.0,6.0,334.0
187.0,209.0,179.0,206.0,169.0,201.0,162.0,192.0,150.0,180.0,142.0,180.0,135.0,173.0,123.0,164.0,117.0,162.0,106.0,149.0,98.0,142.0,90.0,135.0,53.0,109.0
328.0,76.0,316.0,81.0,309.0,88.0,300.0,97.0,289.0,100.0,283.0,110.0,272.0,116.0,262.0,124.0,250.0,136.0,244.0,140.0,238.0,143.0,223.0,146.0,192.0,180.0
128.0,219.0,139.0,210.0,146.0,198.0,151.0,193.0,161.0,189.0,171.0,179.0,173.0,167.0,188.0,168.0,193.0,154.0,200.0,148.0,209.0,139.0,219.0,132.0,250.0,100.0
127.0,160.0,120.0,154.0,114.0,151.0,107.0,144.0,102.0,141.0,92.0,136.0,87.0,132.0,75.0,126.0,72.0,119.0,64.0,115.0,64.0,111.0,50.0,104.0,24.0,86.0
217.0,111.0,222.0,117.0,229.0,121.0,232.0,126.0,236.0,134.0,242.0,136.0,246.0,141.0,252.0,149.0,254.0,149.0,267.0,155.0,268.0,163.0,271.0,166.0,293.0,188.0
163.0,93.0,158.0,99.0,143.0,92.0,135.0,92.0,126.0,91.0,122.0,91.0,108.0,88.0,96.0,84.0,91.0,87.0,86.0,84.0,71.0,86.0,61.0,84.0,27.0,80.0
173.0,177.0,167.0,164.0,168.0,157.0,168.0,149.0,166.0,136.0,164.0,129.0,160.0,117.0,158.0,102.0,157.0,96.0,155.0,86.0,156.0,77.0,148.0,71.0,143.0,28.0
254.0,123.0,251.0,120.0,249.0,115.0,249.0,111.0,250.0,108.0,243.0,104.0,248.0,100.0,250.0,95.0,245.0,90.0,245.0,86.0,238.0,80.0,241.0,78.0,238.0,64.0
38.0,17.0,51.0,15.0,51.0,16.0,54.0,24.0,59.0,31.0,62.0,28.0,66.0,38.0,71.0,43.0,72.0,47.0,79.0,50.0,81.0,53.0,86.0,59.0,102.0,74.0
64.0,197.0,57.0,195.0,56.0,191.0,51.0,187.0,50.0,187.0,46.0,188.0,40.0,180.0,38.0,179.0,33.0,179.0,27.0,181.0,24.0,175.0,22.0,172.0,5.0,165.0
318.0,164.0,315.0,153.0,314.0,143.0,312.0,134.0,312.0,123.0,312.0,113.0,313.0,103.0,312.0,93.0,310.0,84.0,306.0,80.0,308.0,65.0,307.0,50.0,303.0,15.0
112.0,244.0,115.0,241.0,108.0,242.0,115.0,233.0,114.0,231.0,114.0,229.0,112.0,224.0,112.0,222.0,114.0,219.0,114.0,215.0,113.0,212.0,114.0,209.0,114.0,198.0
107.0,162.0,96.0,175.0,93.0,178.0,83.0,194.0,82.0,200.0,77.0,210.0,72.0,219.0,65.0,230.0,57.0,232.0,52.0,246.0,52.0,255.0,46.0,264.0,27.0,301.0
235.0,51.0,228.0,51.0,220.0,53.0,210.0,55.0,204.0,54.0,190.0,58.0,184.0,59.0,176.0,58.0,166.0,61.0,151.0,55.0,148.0,61.0,136.0,61.0,102.0,67.0
187.0,221.0,177.0,224.0,170.0,229.0,159.0,234.0,154.0,244.0,141.0,244.0,129.0,251.0,118.0,255.0,108.0,262.0,98.0,264.0,88.0,272.0,79.0,277.0,39.0,296.0
302.0,176.0,292.0,174.0,288.0,169.0,278.0,168.0,273.0,164.0,263.0,158.0,260.0,158.0,250.0,155.0,249.0,149.0,238.0,150.0,231.0,147.0,223.0,142.0,196.0,131.0
159.0,194.0,164.0,199.0,168.0,214.0,179.0,212.0,182.0,226.0,182.0,234.0,189.0,239.0,197.0,248.0,204.0,254.0,206.0,264.0,205.0,269.0,216.0,281.0,236.0,313.0
219.0,331.0,216.0,324.0,213.0,315.0,205.0,307.0,209.0,305.0,203.0,291.0,201.0,283.0,196.0,276.0,190.0,271.0,191.0,262.0,195.0,256.0,187.0,244.0,175.0,213.0
83.0,186.0,78.0,190.0,76.0,195.0,72.0,202.0,72.0,203.0,65.0,214.0,65.0,222.0,62.0,228.0,58.0,233.0,56.0,239.0,47.0,240.0,49.0,250.0,37.0,275.0
313.0,121.0,307.0,120.0,300.0,117.0,291.0,116.0,287.0,118.0,275.0,115.0,271.0,115.0,266.0,115.0,262.0,108.0,256.0,107.0,244.0,112.0,242.0,109.0,209.0,106.0
62.0,324.0,60.0,317.0,58.0,319.0,51.0,315.0,50.0,313.0,51.0,310.0,43.0,309.0,40.0,306.0,37.0,304.0,36.0,303.0,33.0,299.0,34.0,299.0,18.0,291.0
151.0,350.0,145.0,343.0,138.0,339.0,128.0,340.0,124.0,336.0,114.0,333.0,110.0,327.0,100.0,326.0,95.0,321.0,87.0,320.0,79.0,314.0,72.0,312.0,46.0,302.0
341.0,244.0,336.0,246.0,335.0,240.0,329.0,236.0,326.0,231.0,321.0,227.0,318.0,224.0,312.0,219.0,305.0,212.0,307.0,211.0,301.0,208.0,296.0,208.0,282.0,189.0
81.0,136.0,79.0,146.0,79.0,153.0,77.0,157.0,79.0,160.0,73.0,162.0,70.0,170.0,66.0,177.0,67.0,182.0,64.0,182.0,63.0,194.0,60.0,198.0,52.0,217.0
145.0,334.0,146.0,333.0,140.0,329.0,141.0,326.0,138.0,323.0,137.0,320.0,133.0,316.0,133.0,310.0,129.0,311.0,129.0,309.0,126.0,304.0,125.0,303.0,117.0,290.0
113.0,297.0,109.0,299.0,101.0,296.0,94.0,298.0,87.0,297.0,83.0,293.0,71.0,299.0,64.0,297.0,59.0,296.0,57.0,294.0,46.0,296.0,37.0,297.0,10.0,298.0
236.0,103.0,245.0,112.0,254.0,121.0,265.0,135.0,270.0,140.0,279.0,148.0,285.0,158.0,294.0,168.0,297.0,171.0,309.0,185.0,321.0,199.0,325.0,202.0,358.0,240.0
213.0,198.0,206.0,191.0,201.0,179.0,192.0,170.0,191.0,158.0,180.0,155.0,171.0,144.0,166.0,133.0,157.0,124.0,149.0,116.0,149.0,110.0,137.0,98.0,109.0,63.0
78.0,121.0,82.0,112.0,90.0,105.0,93.0,98.0,93.0,87.0,104.0,84.0,109.0,77.0,112.0,70.0,117.0,64.0,128.0,55.0,127.0,49.0,133.0,42.0,154.0,15.0
81.0,55.0,79.0,58.0,79.0,60.0,76.0,69.0,76.0,73.0,75.0,81.0,75.0,85.0,73.0,88.0,73.0,96.0,70.0,99.0,70.0,103.0,67.0,115.0,66.0,130.0
243.0,138.0,239.0,146.0,234.0,152.0,229.0,155.0,226.0,166.0,222.0,176.0,217.0,183.0,216.0,187.0,208.0,194.0,205.0,202.0,204.0,212.0,197.0,215.0,182.0,245.0
357.0,237.0,360.0,240.0,360.0,246.0,355.0,248.0,359.0,256.0,354.0,264.0,357.0,265.0,358.0,272.0,359.0,276.0,358.0,283.0,359.0,291.0,359.0,291.0,359.0,312.0
173.0,261.0,171.0,262.0,168.0,267.0,167.0,271.0,165.0,276.0,159.0,275.0,157.0,280.0,153.0,283.0,153.0,287.0,149.0,289.0,143.0,291.0,142.0,293.0,130.0,306.0
330.0,72.0,322.0,75.0,313.0,75.0,306.0,79.0,296.0,75.0,285.0,82.0,283.0,78.0,268.0,85.0,261.0,90.0,251.0,91.0,242.0,93.0,234.0,93.0,197.0,102.0
149.0,137.0,151.0,137.0,156.0,138.0,159.0,135.0,160.0,134.0,166.0,132.0,170.0,135.0,170.0,133.0,179.0,138.0,184.0,138.0,187.0,138.0,192.0,137.0,207.0,137.0
324.0,30.0,324.0,38.0,325.0,45.0,326.0,49.0,328.0,55.0,331.0,56.0,331.0,69.0,329.0,72.0,332.0,76.0,333.0,87.0,331.0,92.0,334.0,96.0,338.0,122.0
54.0,176.0,58.0,175.0,64.0,184.0,68.0,192.0,72.0,200.0,70.0,201.0,78.0,207.0,85.0,209.0,89.0,216.0,93.0,219.0,101.0,222.0,100.0,231.0,116.0,251.0
165.0,265.0,161.0,264.0,160.0,259.0,155.0,253.0,153.0,248.0,153.0,244.0,148.0,241.0,150.0,234.0,147.0,230.0,144.0,224.0,142.0,221.0,141.0,213.0,133.0,195.0
58.0,196.0,63.0,193.0,70.0,191.0,80.0,185.0,85.0,182.0,88.0,175.0,97.0,172.0,105.0,170.0,112.0,165.0,120.0,166.0,124.0,156.0,140.0,151.0,163.0,138.0
60.0,336.0,65.0,327.0,65.0,321.0,66.0,315.0,71.0,310.0,66.0,300.0,69.0,293.0,67.0,283.0,69.0,280.0,72.0,272.0,73.0,266.0,72.0,256.0,78.0,230.0
270.0,155.0,271.0,148.0,258.0,141.0,258.0,130.0,255.0,121.0,252.0,113.0,247.0,108.0,242.0,100.0,244.0,94.0,235.0,84.0,233.0,76.0,227.0,67.0,212.0,35.0
192.0,264.0,190.0,273.0,196.0,276.0,201.0,281.0,205.0,294.0,205.0,295.0,206.0,302.0,210.0,311.0,211.0,314.0,210.0,320.0,212.0,323.0,214.0,329.0,224.0,355.0
22.0,353.0,22.0,351.0,24.0,344.0,28.0,343.0,34.0,339.0,26.0,335.0,34.0,335.0,34.0,333.0,35.0,333.0,37.0,328.0,39.0,322.0,43.0,319.0,51.0,308.0
45.0,190.0,48.0,179.0,52.0,173.0,58.0,164.0,60.0,154.0,67.0,145.0,69.0,134.0,77.0,121.0,77.0,116.0,81.0,107.0,84.0,100.0,89.0,91.0,106.0,55.0
8.0,120.0,14.0,131.0,18.0,138.0,22.0,145.0,21.0,159.0,22.0,168.0,26.0,174.0,26.0,185.0,31.0,195.0,31.0,202.0,33.0,213.0,37.0,220.0,44.0,257.0
242.0,32.0,234.0,42.0,223.0,54.0,220.0,60.0,209.0,70.0,203.0,74.0,197.0,82.0,183.0,97.0,177.0,100.0,165.0,112.0,163.0,122.0,154.0,131.0,123.0,169.0
63.0,90.0,65.0,96.0,69.0,112.0,64.0,115.0,67.0,128.0,64.0,133.0,65.0,140.0,63.0,151.0,64.0,159.0,59.0,170.0,63.0,180.0,69.0,184.0,65.0,224.0
168.0,311.0,176.0,306.0,181.0,293.0,185.0,294.0,197.0,285.0,201.0,276.0,211.0,269.0,218.0,258.0,222.0,255.0,229.0,248.0,238.0,242.0,243.0,234.0,273.0,207.0
194.0,211.0,188.0,214.0,183.0,226.0,175.0,235.0,174.0,238.0,165.0,251.0,157.0,261.0,153.0,268.0,147.0,278.0,140.0,288.0,135.0,297.0,126.0,300.0,104.0,342.0
14.0,233.0,13.0,228.0,18.0,228.0,17.0,228.0,15.0,228.0,14.0,222.0,16.0,222.0,16.0,221.0,20.0,221.0,20.0,221.0,19.0,217.0,20.0,218.0,26.0,214.0
104.0,214.0,104.0,215.0,107.0,213.0,106.0,214.0,106.0,214.0,104.0,214.0,104.0,213.0,104.0,215.0,104.0,213.0,106.0,214.0,104.0,213.0,105.0,216.0,106.0,215.0
148.0,356.0,152.0,354.0,161.0,360.0,164.0,353.0,177.0,354.0,179.0,353.0,183.0,349.0,191.0,349.0,195.0,349.0,200.0,347.0,207.0,352.0,213.0,347.0,238.0,342.0
286.0,348.0,284.0,337.0,279.0,328.0,279.0,315.0,279.0,312.0,279.0,297.0,278.0,293.0,277.0,282.0,276.0,276.0,275.0,265.0,274.0,255.0,273.0,247.0,270.0,212.0
72.0,258.0,69.0,254.0,71.0,247.0,69.0,244.0,74.0,242.0,71.0,229.0,70.0,225.0,70.0,217.0,71.0,211.0,68.0,207.0,70.0,200.0,69.0,196.0,70.0,171.0
344.0,68.0,337.0,73.0,331.0,75.0,326.0,79.0,318.0,79.0,309.0,83.0,305.0,82.0,301.0,88.0,289.0,91.0,284.0,94.0,275.0,98.0,270.0,100.0,241.0,114.0
260.0,259.0,260.0,267.0,269.0,269.0,272.0,270.0,277.0,274.0,282.0,281.0,286.0,284.0,289.0,286.0,293.0,290.0,292.0,292.0,295.0,297.0,303.0,304.0,321.0,320.0
203.0,225.0,205.0,222.0,211.0,217.0,210.0,219.0,212.0,216.0,214.0,216.0,216.0,213.0,212.0,211.0,221.0,209.0,227.0,209.0,223.0,206.0,224.0,204.0,234.0,195.0
80.0,140.0,80.0,145.0,82.0,148.0,78.0,146.0,78.0,145.0,73.0,147.0,84.0,156.0,81.0,157.0,79.0,156.0,82.0,155.0,78.0,158.0,80.0,162.0,79.0,169.0
345.0,188.0,337.0,184.0,327.0,177.0,316.0,170.0,306.0,163.0,298.0,154.0,286.0,146.0,276.0,140.0,267.0,133.0,255.0,126.0,247.0,121.0,235.0,114.0,197.0,85.0
200.0,186.0,202.0,188.0,202.0,191.0,202.0,194.0,205.0,194.0,208.0,195.0,211.0,198.0,212.0,201.0,214.0,201.0,215.0,204.0,220.0,207.0,219.0,208.0,229.0,217.0
52.0,226.0,50.0,229.0,46.0,230.0,44.0,233.0,42.0,239.0,40.0,240.0,36.0,243.0,31.0,245.0,30.0,249.0,27.0,254.0,22.0,254.0,20.0,257.0,9.0,271.0
249.0,36.0,245.0,39.0,237.0,46.0,231.0,47.0,223.0,51.0,220.0,55.0,216.0,66.0,205.0,68.0,195.0,66.0,194.0,71.0,187.0,77.0,181.0,79.0,159.0,97.0
50.0,76.0,52.0,80.0,58.0,92.0,61.0,101.0,69.0,106.0,73.0,113.0,82.0,122.0,79.0,126.0,89.0,136.0,94.0,146.0,102.0,156.0,103.0,161.0,123.0,194.0
282.0,180.0,283.0,172.0,285.0,161.0,285.0,153.0,287.0,148.0,287.0,139.0,290.0,130.0,287.0,122.0,291.0,114.0,285.0,111.0,291.0,103.0,292.0,89.0,297.0,59.0
135.0,286.0,128.0,278.0,120.0,273.0,111.0,270.0,105.0,265.0,94.0,259.0,88.0,255.0,81.0,251.0,71.0,246.0,64.0,238.0,54.0,234.0,49.0,228.0,16.0,210.0
352.0,159.0,342.0,155.0,333.0,148.0,323.0,144.0,312.0,139.0,301.0,135.0,292.0,129.0,284.0,124.0,272.0,117.0,264.0,113.0,252.0,108.0,241.0,104.0,203.0,84.0
254.0,91.0,246.0,93.0,241.0,96.0,235.0,99.0,228.0,103.0,221.0,107.0,217.0,109.0,210.0,111.0,205.0,117.0,197.0,120.0,191.0,122.0,186.0,125.0,163.0,137.0
195.0,146.0,183.0,133.0,178.0,135.0,174.0,125.0,164.0,121.0,158.0,123.0,159.0,120.0,147.0,115.0,142.0,109.0,132.0,102.0,126.0,99.0,121.0,101.0,100.0,82.0
290.0,13.0,285.0,22.0,281.0,23.0,276.0,26.0,271.0,26.0,265.0,30.0,257.0,27.0,253.0,31.0,250.0,35.0,243.0,36.0,239.0,39.0,237.0,39.0,215.0,49.0
240.0,178.0,240.0,180.0,239.0,177.0,238.0,178.0,242.0,179.0,239.0,172.0,239.0,179.0,234.0,173.0,239.0,172.0,244.0,176.0,240.0,168.0,239.0,169.0,240.0,165.0
82.0,30.0,88.0,29.0,98.0,29.0,107.0,27.0,113.0,25.0,125.0,25.0,131.0,25.0,138.0,25.0,149.0,25.0,152.0,21.0,160.0,22.0,173.0,25.0,202.0,16.0
198.0,187.0,198.0,175.0,195.0,171.0,196.0,156.0,196.0,146.0,195.0,138.0,191.0,128.0,193.0,115.0,190.0,108.0,195.0,94.0,190.0,89.0,188.0,75.0,184.0,37.0
266.0,284.0,262.0,283.0,260.0,283.0,261.0,281.0,258.0,279.0,254.0,279.0,253.0,279.0,251.0,275.0,248.0,274.0,243.0,271.0,246.0,272.0,245.0,274.0,236.0,269.0
57.0,129.0,67.0,127.0,73.0,123.0,80.0,115.0,87.0,108.0,94.0,106.0,105.0,99.0,110.0,93.0,122.0,89.0,129.0,86.0,131.0,79.0,147.0,74.0,176.0,55.0
325.0,163.0,320.0,162.0,310.0,150.0,302.0,139.0,299.0,135.0,287.0,134.0,282.0,117.0,275.0,114.0,271.0,107.0,262.0,100.0,254.0,96.0,250.0,89.0,221.0,60.0
91.0,144.0,95.0,153.0,96.0,162.0,99.0,173.0,102.0,178.0,103.0,188.0,104.0,195.0,107.0,204.0,107.0,215.0,112.0,222.0,112.0,231.0,120.0,246.0,123.0,278.0
200.0,62.0,191.0,65.0,182.0,69.0,179.0,73.0,168.0,79.0,154.0,86.0,148.0,90.0,143.0,91.0,134.0,95.0,126.0,99.0,121.0,102.0,113.0,108.0,80.0,122.0
162.0,117.0,158.0,125.0,154.0,120.0,151.0,118.0,155.0,121.0,146.0,126.0,145.0,130.0,140.0,133.0,140.0,135.0,137.0,134.0,134.0,138.0,129.0,140.0,118.0,148.0
185.0,113.0,185.0,110.0,183.0,109.0,182.0,109.0,178.0,106.0,173.0,109.0,179.0,100.0,176.0,98.0,180.0,98.0,175.0,96.0,169.0,98.0,171.0,93.0,169.0,84.0
172.0,126.0,176.0,121.0,179.0,119.0,178.0,117.0,185.0,111.0,183.0,104.0,188.0,103.0,192.0,96.0,195.0,91.0,197.0,91.0,196.0,85.0,204.0,80.0,217.0,66.0
213.0,96.0,201.0,99.0,194.0,103.0,184.0,100.0,172.0,108.0,161.0,116.0,154.0,115.0,144.0,115.0,133.0,119.0,122.0,125.0,111.0,125.0,101.0,131.0,63.0,142.0
165.0,58.0,163.0,63.0,164.0,68.0,162.0,76.0,159.0,81.0,159.0,86.0,158.0,92.0,156.0,98.0,159.0,106.0,156.0,112.0,157.0,122.0,152.0,124.0,150.0,147.0
147.0,58.0,137.0,54.0,127.0,58.0,122.0,49.0,113.0,45.0,102.0,43.0,95.0,42.0,86.0,39.0,76.0,34.0,61.0,34.0,58.0,27.0,50.0,27.0,13.0,14.0
149.0,285.0,143.0,276.0,141.0,267.0,136.0,258.0,131.0,246.0,128.0,234.0,122.0,227.0,119.0,215.0,116.0,206.0,114.0,193.0,108.0,188.0,101.0,173.0,88.0,137.0
235.0,159.0,226.0,162.0,221.0,164.0,208.0,171.0,201.0,174.0,190.0,179.0,183.0,183.0,175.0,186.0,165.0,189.0,150.0,193.0,146.0,197.0,136.0,202.0,102.0,219.0
299.0,47.0,301.0,47.0,298.0,51.0,299.0,54.0,295.0,56.0,295.0,60.0,293.0,60.0,288.0,65.0,286.0,67.0,285.0,70.0,287.0,75.0,281.0,75.0,274.0,89.0
186.0,152.0,177.0,146.0,171.0,139.0,163.0,128.0,151.0,125.0,145.0,115.0,138.0,105.0,132.0,94.0,122.0,91.0,116.0,82.0,108.0,76.0,100.0,65.0,67.0,34.0
26.0,64.0,31.0,59.0,28.0,60.0,32.0,56.0,34.0,53.0,41.0,57.0,37.0,52.0,39.0,49.0,41.0,48.0,46.0,45.0,46.0,41.0,50.0,40.0,57.0,33.0
89.0,188.0,95.0,187.0,92.0,176.0,94.0,174.0,98.0,164.0,104.0,158.0,105.0,152.0,110.0,145.0,112.0,138.0,116.0,135.0,118.0,127.0,121.0,123.0,133.0,98.0
128.0,260.0,135.0,260.0,142.0,271.0,154.0,279.0,160.0,282.0,169.0,285.0,174.0,290.0,187.0,298.0,192.0,300.0,199.0,306.0,212.0,306.0,214.0,315.0,248.0,336.0
321.0,180.0,318.0,188.0,324.0,188.0,324.0,194.0,329.0,199.0,328.0,200.0,327.0,205.0,329.0,211.0,331.0,215.0,332.0,218.0,334.0,220.0,338.0,223.0,338.0,242.0
25.0,110.0,35.0,119.0,44.0,126.0,53.0,135.0,60.0,141.0,71.0,145.0,80.0,156.0,94.0,167.0,96.0,169.0,112.0,183.0,118.0,189.0,123.0,199.0,161.0,230.0
244.0,237.0,247.0,228.0,253.0,217.0,254.0,217.0,258.0,207.0,262.0,200.0,267.0,193.0,273.0,189.0,274.0,179.0,280.0,173.0,289.0,164.0,289.0,160.0,304.0,132.0
201.0,21.0,201.0,28.0,199.0,38.0,194.0,45.0,195.0,51.0,191.0,60.0,187.0,72.0,188.0,77.0,187.0,85.0,185.0,94.0,183.0,100.0,179.0,110.0,172.0,141.0
224.0,128.0,225.0,128.0,209.0,120.0,206.0,105.0,206.0,102.0,201.0,94.0,195.0,89.0,189.0,80.0,183.0,75.0,179.0,68.0,176.0,59.0,170.0,54.0,150.0,25.0
265.0,129.0,265.0,132.0,270.0,137.0,274.0,132.0,276.0,140.0,278.0,136.0,287.0,132.0,283.0,138.0,287.0,138.0,288.0,145.0,295.0,142.0,298.0,143.0,309.0,146.0
294.0,289.0,288.0,285.0,286.0,279.0,278.0,277.0,279.0,276.0,277.0,265.0,276.0,262.0,270.0,254.0,267.0,251.0,265.0,247.0,261.0,241.0,261.0,236.0,248.0,216.0
295.0,201.0,287.0,200.0,290.0,190.0,286.0,184.0,277.0,184.0,280.0,175.0,271.0,168.0,275.0,163.0,272.0,161.0,268.0,155.0,263.0,148.0,261.0,143.0,250.0,125.0
250.0,287.0,242.0,277.0,231.0,268.0,216.0,265.0,209.0,250.0,202.0,242.0,189.0,234.0,182.0,224.0,170.0,215.0,166.0,206.0,152.0,199.0,140.0,187.0,101.0,153.0
99.0,43.0,108.0,41.0,112.0,41.0,126.0,41.0,133.0,44.0,141.0,41.0,148.0,37.0,158.0,37.0,168.0,38.0,177.0,37.0,184.0,36.0,192.0,28.0,230.0,30.0
52.0,356.0,62.0,352.0,70.0,349.0,81.0,343.0,89.0,340.0,96.0,335.0,105.0,332.0,117.0,330.0,130.0,319.0,135.0,319.0,147.0,321.0,153.0,313.0,188.0,297.0
134.0,155.0,143.0,151.0,142.0,153.0,144.0,154.0,143.0,154.0,148.0,154.0,150.0,154.0,149.0,155.0,151.0,158.0,154.0,160.0,156.0,158.0,156.0,162.0,167.0,165.0
261.0,33.0,266.0,33.0,270.0,33.0,273.0,32.0,282.0,35.0,285.0,32.0,288.0,33.0,289.0,32.0,295.0,35.0,304.0,32.0,310.0,35.0,316.0,33.0,335.0,32.0
249.0,153.0,250.0,155.0,253.0,156.0,263.0,160.0,260.0,159.0,262.0,161.0,268.0,165.0,268.0,165.0,274.0,172.0,274.0,172.0,279.0,174.0,282.0,172.0,294.0,183.0
179.0,227.0,187.0,228.0,190.0,229.0,196.0,233.0,202.0,235.0,210.0,235.0,214.0,240.0,221.0,240.0,226.0,244.0,238.0,248.0,240.0,246.0,244.0,252.0,270.0,257.0
205.0,293.0,202.0,285.0,197.0,285.0,194.0,279.0,192.0,275.0,185.0,269.0,183.0,266.0,177.0,263.0,178.0,253.0,171.0,255.0,161.0,246.0,164.0,248.0,147.0,231.0
182.0,115.0,182.0,112.0,179.0,111.0,179.0,108.0,179.0,105.0,179.0,96.0,174.0,98.0,175.0,96.0,173.0,98.0,171.0,88.0,171.0,88.0,171.0,83.0,167.0,72.0
271.0,228.0,273.0,225.0,275.0,224.0,281.0,221.0,287.0,219.0,290.0,218.0,297.0,215.0,297.0,216.0,308.0,216.0,311.0,216.0,318.0,214.0,320.0,214.0,342.0,210.0
86.0,304.0,83.0,307.0,79.0,308.0,77.0,311.0,72.0,315.0,70.0,320.0,65.0,322.0,64.0,323.0,60.0,327.0,60.0,329.0,55.0,332.0,53.0,336.0,40.0,349.0
325.0,76.0,318.0,76.0,307.0,80.0,298.0,82.0,293.0,85.0,278.0,87.0,271.0,91.0,262.0,97.0,256.0,99.0,244.0,103.0,232.0,104.0,226.0,106.0,192.0,120.0
327.0,141.0,320.0,139.0,324.0,137.0,317.0,134.0,315.0,129.0,310.0,127.0,312.0,120.0,305.0,122.0,304.0,116.0,301.0,116.0,297.0,111.0,293.0,107.0,282.0,97.0
129.0,2.0,124.0,11.0,117.0,24.0,124.0,24.0,116.0,35.0,111.0,47.0,108.0,55.0,105.0,65.0,100.0,68.0,102.0,80.0,93.0,92.0,94.0,100.0,83.0,136.0
277.0,67.0,278.0,76.0,277.0,80.0,275.0,86.0,275.0,93.0,275.0,98.0,273.0,105.0,273.0,112.0,273.0,118.0,270.0,119.0,266.0,134.0,269.0,135.0,265.0,160.0
221.0,168.0,225.0,164.0,240.0,154.0,243.0,152.0,250.0,149.0,259.0,143.0,265.0,137.0,271.0,135.0,276.0,127.0,286.0,118.0,293.0,118.0,297.0,114.0,327.0,94.0
357.0,221.0,350.0,211.0,337.0,194.0,338.0,189.0,328.0,181.0,321.0,168.0,315.0,159.0,305.0,147.0,301.0,140.0,293.0,128.0,288.0,118.0,278.0,115.0,252.0,70.0
189.0,60.0,188.0,72.0,189.0,84.0,192.0,90.0,196.0,101.0,196.0,111.0,198.0,119.0,201.0,129.0,203.0,135.0,203.0,144.0,205.0,153.0,209.0,162.0,217.0,200.0
79.0,57.0,79.0,56.0,76.0,60.0,70.0,58.0,66.0,62.0,61.0,62.0,54.0,62.0,51.0,64.0,44.0,66.0,39.0,67.0,36.0,71.0,29.0,68.0,10.0,72.0
108.0,193.0,106.0,192.0,105.0,188.0,100.0,184.0,96.0,183.0,97.0,179.0,92.0,175.0,87.0,174.0,84.0,170.0,80.0,165.0,74.0,165.0,76.0,160.0,65.0,149.0
173.0,102.0,174.0,106.0,173.0,106.0,176.0,103.0,170.0,109.0,164.0,112.0,167.0,113.0,170.0,114.0,168.0,119.0,165.0,122.0,163.0,123.0,159.0,128.0,160.0,133.0
233.0,266.0,239.0,271.0,247.0,276.0,254.0,281.0,265.0,288.0,273.0,290.0,280.0,297.0,289.0,300.0,294.0,306.0,304.0,310.0,311.0,315.0,319.0,320.0,352.0,342.0
100.0,162.0,91.0,160.0,85.0,159.0,79.0,160.0,75.0,157.0,69.0,159.0,57.0,164.0,57.0,160.0,51.0,159.0,46.0,158.0,44.0,163.0,37.0,164.0,9.0,161.0
96.0,195.0,94.0,192.0,93.0,188.0,93.0,183.0,91.0,181.0,90.0,174.0,84.0,175.0,84.0,167.0,85.0,171.0,84.0,168.0,80.0,161.0,83.0,162.0,80.0,149.0
235.0,165.0,242.0,163.0,252.0,159.0,261.0,153.0,268.0,149.0,276.0,148.0,280.0,146.0,290.0,138.0,299.0,135.0,308.0,130.0,316.0,126.0,319.0,126.0,356.0,107.0
179.0,142.0,174.0,140.0,163.0,128.0,151.0,120.0,147.0,109.0,136.0,107.0,128.0,94.0,116.0,94.0,106.0,85.0,98.0,79.0,89.0,70.0,79.0,65.0,45.0,37.0
318.0,175.0,315.0,176.0,319.0,180.0,310.0,184.0,309.0,191.0,305.0,193.0,296.0,192.0,300.0,203.0,297.0,206.0,287.0,208.0,288.0,215.0,287.0,216.0,275.0,234.0
168.0,255.0,173.0,244.0,165.0,241.0,167.0,237.0,164.0,229.0,161.0,227.0,158.0,217.0,161.0,211.0,161.0,204.0,158.0,200.0,157.0,192.0,155.0,192.0,154.0,164.0
290.0,167.0,288.0,163.0,288.0,169.0,290.0,167.0,284.0,173.0,285.0,171.0,282.0,171.0,286.0,173.0,283.0,174.0,283.0,174.0,281.0,175.0,285.0,177.0,277.0,181.0
300.0,162.0,299.0,173.0,295.0,184.0,289.0,193.0,290.0,201.0,288.0,211.0,284.0,220.0,282.0,230.0,277.0,238.0,275.0,246.0,273.0,255.0,270.0,263.0,257.0,301.0
201.0,60.0,195.0,63.0,192.0,65.0,192.0,63.0,190.0,62.0,185.0,63.0,186.0,64.0,182.0,62.0,185.0,64.0,177.0,65.0,173.0,61.0,173.0,62.0,167.0,64.0
22.0,179.0,30.0,187.0,31.0,184.0,31.0,189.0,34.0,192.0,42.0,201.0,37.0,202.0,42.0,204.0,44.0,208.0,43.0,215.0,46.0,214.0,46.0,224.0,57.0,238.0
190.0,251.0,189.0,247.0,189.0,239.0,191.0,231.0,190.0,223.0,196.0,217.0,196.0,213.0,203.0,204.0,203.0,199.0,208.0,192.0,204.0,185.0,211.0,173.0,216.0,149.0
175.0,230.0,176.0,239.0,168.0,244.0,161.0,248.0,155.0,253.0,156.0,251.0,143.0,260.0,136.0,268.0,132.0,267.0,128.0,273.0,120.0,274.0,116.0,278.0,91.0,296.0
190.0,246.0,180.0,248.0,170.0,245.0,163.0,249.0,151.0,248.0,145.0,248.0,130.0,244.0,127.0,244.0,116.0,248.0,108.0,249.0,99.0,248.0,94.0,247.0,54.0,248.0
218.0,158.0,226.0,157.0,234.0,148.0,242.0,147.0,248.0,147.0,256.0,145.0,266.0,141.0,276.0,142.0,279.0,132.0,287.0,130.0,296.0,123.0,306.0,126.0,337.0,114.0
86.0,126.0,96.0,127.0,101.0,133.0,105.0,136.0,106.0,137.0,116.0,140.0,120.0,142.0,125.0,148.0,130.0,151.0,136.0,154.0,141.0,154.0,144.0,160.0,165.0,171.0
212.0,91.0,199.0,86.0,191.0,87.0,181.0,85.0,177.0,90.0,162.0,84.0,153.0,85.0,141.0,84.0,132.0,87.0,123.0,86.0,114.0,84.0,101.0,91.0,63.0,86.0
265.0,293.0,256.0,286.0,251.0,280.0,237.0,279.0,233.0,268.0,225.0,262.0,213.0,256.0,208.0,257.0,200.0,244.0,195.0,239.0,184.0,233.0,177.0,230.0,146.0,204.0
312.0,358.0,311.0,351.0,311.0,341.0,306.0,332.0,305.0,321.0,298.0,313.0,298.0,304.0,299.0,291.0,297.0,285.0,293.0,276.0,298.0,266.0,289.0,261.0,283.0,224.0
345.0,117.0,339.0,107.0,326.0,104.0,321.0,96.0,308.0,85.0,303.0,85.0,294.0,76.0,289.0,64.0,279.0,64.0,271.0,57.0,262.0,48.0,255.0,40.0,224.0,14.0
205.0,13.0,199.0,17.0,190.0,19.0,179.0,26.0,169.0,29.0,161.0,34.0,158.0,38.0,140.0,44.0,134.0,46.0,128.0,46.0,117.0,51.0,107.0,57.0,72.0,73.0
276.0,10.0,277.0,14.0,271.0,20.0,269.0,13.0,270.0,16.0,268.0,18.0,268.0,21.0,265.0,22.0,264.0,21.0,261.0,22.0,260.0,25.0,258.0,25.0,249.0,29.0
164.0,300.0,160.0,298.0,159.0,297.0,153.0,298.0,151.0,298.0,145.0,294.0,139.0,299.0,138.0,293.0,133.0,294.0,130.0,292.0,124.0,292.0,122.0,290.0,106.0,286.0
136.0,34.0,145.0,39.0,149.0,40.0,164.0,48.0,175.0,49.0,182.0,58.0,196.0,58.0,199.0,69.0,209.0,71.0,217.0,80.0,227.0,81.0,235.0,89.0,272.0,108.0
156.0,335.0,150.0,333.0,144.0,331.0,137.0,328.0,128.0,328.0,126.0,319.0,119.0,313.0,115.0,312.0,106.0,307.0,100.0,302.0,97.0,300.0,89.0,293.0,66.0,279.0
144.0,213.0,138.0,222.0,136.0,227.0,130.0,229.0,127.0,234.0,125.0,239.0,122.0,246.0,118.0,250.0,115.0,255.0,113.0,262.0,110.0,264.0,108.0,272.0,96.0,291.0
138.0,231.0,148.0,220.0,153.0,213.0,164.0,206.0,172.0,197.0,188.0,191.0,197.0,176.0,201.0,167.0,211.0,157.0,219.0,150.0,229.0,142.0,236.0,133.0,273.0,97.0
175.0,237.0,163.0,229.0,161.0,228.0,147.0,214.0,139.0,209.0,129.0,197.0,119.0,196.0,109.0,193.0,105.0,180.0,94.0,173.0,83.0,165.0,73.0,163.0,39.0,132.0
96.0,231.0,99.0,243.0,109.0,247.0,112.0,254.0,122.0,264.0,128.0,273.0,135.0,280.0,141.0,283.0,151.0,295.0,150.0,305.0,153.0,316.0,163.0,321.0,188.0,353.0
107.0,244.0,110.0,250.0,116.0,252.0,121.0,253.0,127.0,258.0,134.0,260.0,140.0,262.0,144.0,266.0,149.0,270.0,157.0,271.0,158.0,281.0,168.0,278.0,193.0,291.0
333.0,171.0,330.0,168.0,318.0,166.0,309.0,158.0,303.0,153.0,292.0,151.0,281.0,140.0,280.0,139.0,264.0,136.0,259.0,132.0,246.0,125.0,244.0,116.0,203.0,100.0
153.0,175.0,160.0,168.0,162.0,167.0,165.0,163.0,171.0,157.0,169.0,156.0,173.0,154.0,178.0,149.0,181.0,145.0,185.0,146.0,184.0,136.0,189.0,132.0,201.0,117.0
151.0,178.0,150.0,172.0,140.0,173.0,130.0,174.0,120.0,174.0,112.0,174.0,104.0,171.0,95.0,170.0,90.0,172.0,81.0,169.0,71.0,168.0,60.0,166.0,33.0,164.0
34.0,292.0,39.0,277.0,40.0,268.0,43.0,260.0,48.0,252.0,51.0,242.0,55.0,233.0,55.0,225.0,59.0,221.0,63.0,206.0,67.0,199.0,67.0,189.0,81.0,153.0
53.0,336.0,58.0,331.0,62.0,324.0,67.0,327.0,81.0,318.0,85.0,316.0,94.0,311.0,102.0,307.0,111.0,302.0,110.0,302.0,124.0,296.0,128.0,291.0,157.0,276.0
137.0,221.0,141.0,208.0,148.0,203.0,152.0,191.0,156.0,184.0,159.0,176.0,171.0,162.0,171.0,154.0,178.0,146.0,183.0,133.0,193.0,127.0,192.0,112.0,213.0,73.0
143.0,69.0,145.0,69.0,148.0,71.0,138.0,82.0,146.0,79.0,137.0,85.0,143.0,86.0,144.0,88.0,143.0,90.0,142.0,90.0,143.0,94.0,142.0,94.0,143.0,103.0
255.0,39.0,254.0,41.0,250.0,40.0,253.0,40.0,252.0,34.0,247.0,36.0,245.0,40.0,237.0,35.0,243.0,32.0,237.0,31.0,237.0,31.0,235.0,30.0,226.0,26.0
244.0,297.0,240.0,282.0,238.0,281.0,231.0,269.0,229.0,264.0,230.0,255.0,223.0,248.0,223.0,239.0,218.0,231.0,215.0,223.0,211.0,214.0,210.0,207.0,198.0,176.0
212.0,213.0,206.0,220.0,198.0,230.0,189.0,237.0,180.0,242.0,174.0,251.0,166.0,254.0,158.0,265.0,148.0,272.0,139.0,276.0,127.0,290.0,124.0,290.0,93.0,320.0
351.0,159.0,340.0,166.0,334.0,175.0,326.0,181.0,320.0,193.0,312.0,202.0,306.0,208.0,298.0,218.0,292.0,226.0,284.0,238.0,276.0,245.0,269.0,254.0,243.0,291.0
169.0,277.0,171.0,270.0,158.0,274.0,160.0,267.0,154.0,265.0,147.0,257.0,146.0,260.0,148.0,254.0,138.0,257.0,136.0,255.0,131.0,251.0,122.0,245.0,112.0,243.0
282.0,342.0,271.0,338.0,272.0,337.0,259.0,328.0,252.0,324.0,244.0,320.0,239.0,313.0,233.0,307.0,227.0,302.0,220.0,294.0,210.0,299.0,203.0,287.0,176.0,269.0
219.0,92.0,214.0,92.0,207.0,89.0,205.0,85.0,194.0,76.0,188.0,84.0,190.0,76.0,189.0,73.0,179.0,69.0,170.0,68.0,170.0,62.0,165.0,59.0,144.0,49.0
209.0,115.0,197.0,116.0,184.0,118.0,183.0,123.0,171.0,123.0,162.0,126.0,155.0,126.0,146.0,129.0,130.0,136.0,126.0,132.0,117.0,133.0,108.0,135.0,73.0,145.0
258.0,74.0,255.0,70.0,254.0,69.0,256.0,67.0,257.0,72.0,258.0,63.0,259.0,63.0,260.0,61.0,262.0,59.0,264.0,58.0,259.0,54.0,264.0,52.0,269.0,45.0
217.0,64.0,206.0,64.0,205.0,58.0,194.0,61.0,193.0,55.0,184.0,54.0,175.0,48.0,179.0,53.0,169.0,48.0,162.0,47.0,155.0,42.0,149.0,47.0,126.0,34.0
194.0,237.0,183.0,239.0,174.0,246.0,168.0,247.0,157.0,252.0,151.0,255.0,140.0,260.0,133.0,263.0,124.0,270.0,119.0,278.0,101.0,275.0,96.0,282.0,60.0,297.0
130.0,253.0,132.0,245.0,131.0,236.0,132.0,227.0,132.0,222.0,132.0,218.0,137.0,204.0,137.0,198.0,139.0,190.0,139.0,182.0,138.0,172.0,142.0,164.0,145.0,133.0
312.0,267.0,309.0,264.0,303.0,262.0,295.0,262.0,283.0,263.0,272.0,264.0,262.0,266.0,253.0,265.0,247.0,264.0,236.0,265.0,230.0,270.0,213.0,268.0,183.0,265.0
9.0,120.0,17.0,115.0,26.0,106.0,38.0,100.0,44.0,95.0,50.0,87.0,62.0,84.0,68.0,71.0,79.0,62.0,82.0,59.0,90.0,52.0,103.0,46.0,131.0,17.0
152.0,312.0,153.0,308.0,166.0,304.0,176.0,299.0,180.0,295.0,195.0,288.0,200.0,281.0,206.0,279.0,216.0,274.0,223.0,268.0,232.0,264.0,238.0,259.0,271.0,238.0
230.0,254.0,222.0,251.0,220.0,254.0,221.0,256.0,222.0,253.0,219.0,254.0,211.0,261.0,208.0,262.0,210.0,262.0,205.0,266.0,199.0,265.0,197.0,264.0,186.0,270.0
255.0,207.0,258.0,207.0,256.0,205.0,264.0,204.0,270.0,203.0,273.0,209.0,278.0,202.0,283.0,200.0,287.0,202.0,290.0,198.0,294.0,199.0,296.0,199.0,314.0,194.0
36.0,311.0,35.0,310.0,36.0,308.0,33.0,309.0,34.0,309.0,33.0,310.0,32.0,312.0,30.0,308.0,30.0,310.0,28.0,308.0,25.0,310.0,24.0,311.0,22.0,310.0
188.0,104.0,200.0,99.0,209.0,95.0,219.0,93.0,229.0,89.0,241.0,83.0,243.0,81.0,253.0,76.0,264.0,71.0,278.0,66.0,284.0,64.0,291.0,58.0,327.0,44.0
202.0,212.0,194.0,213.0,182.0,211.0,176.0,219.0,174.0,220.0,160.0,222.0,153.0,222.0,144.0,224.0,142.0,232.0,130.0,228.0,121.0,231.0,114.0,235.0,81.0,242.0
204.0,-5.0,208.0,3.0,206.0,4.0,215.0,13.0,220.0,16.0,221.0,21.0,222.0,20.0,229.0,26.0,234.0,33.0,240.0,39.0,243.0,38.0,247.0,43.0,263.0,60.0
152.0,197.0,152.0,197.0,151.0,197.0,154.0,198.0,153.0,189.0,146.0,191.0,144.0,193.0,145.0,190.0,144.0,189.0,143.0,189.0,140.0,188.0,142.0,187.0,137.0,183.0
258.0,314.0,264.0,309.0,269.0,303.0,277.0,298.0,277.0,288.0,283.0,285.0,293.0,279.0,298.0,273.0,297.0,265.0,305.0,258.0,310.0,253.0,319.0,246.0,334.0,224.0
266.0,156.0,270.0,157.0,274.0,159.0,275.0,161.0,278.0,159.0,284.0,162.0,285.0,162.0,283.0,158.0,286.0,165.0,296.0,165.0,296.0,165.0,301.0,166.0,313.0,172.0
72.0,48.0,68.0,52.0,70.0,54.0,70.0,54.0,73.0,59.0,72.0,51.0,64.0,57.0,59.0,52.0,62.0,59.0,63.0,60.0,63.0,60.0,61.0,62.0,57.0,66.0
93.0,41.0,101.0,46.0,111.0,54.0,118.0,59.0,126.0,69.0,135.0,74.0,142.0,83.0,150.0,89.0,159.0,97.0,167.0,103.0,174.0,111.0,184.0,118.0,215.0,145.0
3.0,202.0,6.0,198.0,9.0,188.0,17.0,184.0,18.0,176.0,20.0,169.0,21.0,161.0,31.0,154.0,27.0,149.0,33.0,142.0,34.0,134.0,42.0,127.0,50.0,99.0
217.0,120.0,209.0,125.0,204.0,130.0,195.0,138.0,185.0,138.0,175.0,140.0,176.0,150.0,164.0,150.0,154.0,152.0,148.0,157.0,137.0,161.0,135.0,170.0,99.0,182.0
89.0,42.0,81.0,54.0,84.0,63.0,83.0,71.0,76.0,81.0,77.0,88.0,76.0,99.0,73.0,108.0,69.0,120.0,70.0,126.0,68.0,131.0,68.0,139.0,58.0,180.0
72.0,255.0,78.0,249.0,81.0,247.0,85.0,237.0,89.0,237.0,92.0,231.0,100.0,220.0,100.0,219.0,103.0,213.0,107.0,210.0,114.0,207.0,117.0,202.0,133.0,181.0
255.0,81.0,258.0,81.0,254.0,83.0,258.0,82.0,259.0,81.0,261.0,82.0,263.0,81.0,262.0,81.0,263.0,83.0,266.0,82.0,264.0,84.0,267.0,81.0,271.0,83.0
190.0,107.0,196.0,101.0,198.0,96.0,208.0,93.0,215.0,90.0,219.0,85.0,228.0,83.0,231.0,78.0,239.0,73.0,245.0,70.0,252.0,68.0,261.0,68.0,281.0,47.0
227.0,241.0,224.0,225.0,220.0,217.0,216.0,207.0,210.0,196.0,210.0,188.0,205.0,175.0,199.0,169.0,190.0,158.0,193.0,144.0,188.0,135.0,184.0,127.0,168.0,87.0
186.0,317.0,188.0,317.0,194.0,317.0,199.0,318.0,206.0,317.0,206.0,315.0,213.0,319.0,221.0,318.0,225.0,316.0,229.0,317.0,231.0,319.0,244.0,314.0,260.0,317.0
132.0,61.0,128.0,62.0,119.0,65.0,107.0,72.0,106.0,70.0,97.0,72.0,87.0,74.0,81.0,74.0,74.0,78.0,66.0,83.0,55.0,81.0,49.0,82.0,17.0,92.0
244.0,220.0,232.0,218.0,229.0,223.0,216.0,219.0,202.0,219.0,199.0,218.0,187.0,219.0,179.0,218.0,171.0,221.0,163.0,221.0,152.0,220.0,143.0,221.0,108.0,220.0
80.0,21.0,74.0,22.0,71.0,22.0,65.0,23.0,61.0,28.0,54.0,27.0,56.0,25.0,46.0,31.0,42.0,36.0,40.0,42.0,31.0,37.0,28.0,45.0,6.0,49.0
288.0,219.0,287.0,207.0,285.0,204.0,292.0,191.0,295.0,179.0,297.0,173.0,294.0,165.0,299.0,153.0,301.0,144.0,303.0,134.0,307.0,126.0,309.0,116.0,316.0,82.0
122.0,148.0,114.0,148.0,111.0,154.0,112.0,156.0,113.0,161.0,106.0,165.0,105.0,169.0,102.0,172.0,100.0,179.0,99.0,183.0,96.0,184.0,99.0,192.0,87.0,206.0
227.0,186.0,228.0,189.0,232.0,199.0,233.0,204.0,232.0,209.0,235.0,216.0,231.0,220.0,237.0,230.0,238.0,235.0,238.0,239.0,239.0,248.0,241.0,253.0,244.0,277.0
163.0,50.0,174.0,56.0,183.0,64.0,191.0,69.0,193.0,82.0,210.0,87.0,216.0,86.0,219.0,98.0,230.0,105.0,244.0,114.0,245.0,117.0,259.0,130.0,287.0,154.0
136.0,204.0,131.0,208.0,131.0,214.0,126.0,221.0,125.0,227.0,120.0,234.0,120.0,239.0,116.0,244.0,112.0,252.0,110.0,256.0,105.0,261.0,104.0,267.0,92.0,293.0
320.0,251.0,317.0,244.0,317.0,236.0,320.0,228.0,320.0,221.0,317.0,212.0,320.0,204.0,320.0,195.0,317.0,187.0,318.0,181.0,319.0,170.0,318.0,165.0,319.0,132.0
162.0,273.0,169.0,276.0,171.0,278.0,173.0,281.0,178.0,287.0,181.0,288.0,187.0,298.0,191.0,296.0,192.0,306.0,197.0,304.0,200.0,308.0,204.0,315.0,222.0,330.0
196.0,83.0,191.0,90.0,186.0,98.0,179.0,104.0,172.0,112.0,165.0,121.0,161.0,130.0,155.0,138.0,147.0,145.0,142.0,153.0,142.0,163.0,126.0,172.0,107.0,202.0
235.0,223.0,237.0,226.0,240.0,228.0,242.0,229.0,244.0,228.0,245.0,231.0,241.0,232.0,250.0,233.0,251.0,231.0,254.0,237.0,253.0,234.0,258.0,236.0,265.0,240.0
316.0,233.0,322.0,229.0,325.0,230.0,327.0,226.0,326.0,229.0,331.0,231.0,333.0,227.0,335.0,228.0,334.0,229.0,334.0,226.0,334.0,232.0,343.0,229.0,350.0,230.0
225.0,186.0,218.0,192.0,215.0,199.0,211.0,205.0,206.0,215.0,198.0,221.0,191.0,225.0,188.0,237.0,186.0,241.0,180.0,250.0,173.0,257.0,175.0,263.0,150.0,292.0
6.0,102.0,5.0,106.0,7.0,102.0,4.0,93.0,6.0,97.0,11.0,91.0,11.0,86.0,12.0,81.0,20.0,82.0,22.0,82.0,21.0,78.0,24.0,76.0,33.0,63.0
278.0,86.0,268.0,94.0,263.0,87.0,252.0,93.0,243.0,97.0,233.0,101.0,219.0,99.0,220.0,110.0,204.0,109.0,198.0,113.0,186.0,118.0,179.0,121.0,143.0,132.0
63.0,263.0,69.0,266.0,75.0,273.0,85.0,274.0,93.0,280.0,98.0,281.0,107.0,283.0,120.0,290.0,125.0,292.0,133.0,293.0,140.0,297.0,147.0,299.0,180.0,312.0
191.0,6.0,196.0,12.0,202.0,19.0,207.0,29.0,206.0,39.0,209.0,43.0,214.0,54.0,215.0,64.0,216.0,77.0,220.0,82.0,219.0,91.0,228.0,100.0,240.0,137.0
145.0,248.0,138.0,243.0,125.0,227.0,117.0,223.0,104.0,213.0,99.0,209.0,90.0,199.0,76.0,192.0,70.0,182.0,62.0,175.0,53.0,165.0,45.0,159.0,9.0,127.0
296.0,135.0,287.0,132.0,278.0,127.0,265.0,120.0,254.0,114.0,246.0,112.0,237.0,104.0,228.0,95.0,216.0,96.0,200.0,88.0,201.0,82.0,186.0,82.0,146.0,61.0
78.0,96.0,75.0,95.0,73.0,97.0,67.0,99.0,64.0,100.0,60.0,101.0,54.0,100.0,50.0,99.0,46.0,104.0,39.0,101.0,36.0,106.0,36.0,107.0,20.0,111.0
194.0,204.0,187.0,205.0,183.0,207.0,175.0,210.0,167.0,212.0,162.0,211.0,153.0,215.0,145.0,215.0,137.0,223.0,133.0,219.0,127.0,223.0,117.0,226.0,91.0,233.0
299.0,234.0,293.0,222.0,288.0,216.0,279.0,203.0,272.0,195.0,260.0,182.0,259.0,175.0,252.0,167.0,243.0,156.0,236.0,149.0,229.0,144.0,223.0,126.0,196.0,95.0
149.0,243.0,150.0,245.0,155.0,252.0,158.0,261.0,158.0,268.0,162.0,272.0,163.0,281.0,162.0,289.0,167.0,295.0,173.0,303.0,170.0,308.0,173.0,315.0,180.0,344.0
297.0,181.0,286.0,177.0,284.0,180.0,276.0,171.0,275.0,168.0,272.0,163.0,267.0,160.0,264.0,158.0,261.0,149.0,261.0,142.0,247.0,148.0,246.0,139.0,232.0,123.0
221.0,49.0,230.0,52.0,237.0,54.0,244.0,57.0,249.0,62.0,253.0,64.0,263.0,67.0,268.0,73.0,284.0,68.0,286.0,75.0,294.0,80.0,300.0,81.0,328.0,95.0
193.0,234.0,198.0,224.0,207.0,225.0,208.0,217.0,213.0,212.0,217.0,207.0,222.0,202.0,223.0,192.0,233.0,190.0,239.0,186.0,245.0,182.0,247.0,174.0,269.0,156.0
48.0,319.0,53.0,321.0,61.0,319.0,71.0,319.0,78.0,320.0,91.0,325.0,94.0,318.0,103.0,321.0,110.0,319.0,118.0,320.0,126.0,320.0,131.0,323.0,166.0,320.0
77.0,102.0,77.0,107.0,71.0,117.0,67.0,127.0,63.0,132.0,60.0,141.0,59.0,148.0,53.0,155.0,46.0,159.0,45.0,168.0,41.0,173.0,36.0,181.0,20.0,210.0
101.0,174.0,109.0,168.0,108.0,157.0,117.0,144.0,116.0,140.0,120.0,135.0,125.0,127.0,128.0,116.0,133.0,108.0,135.0,98.0,141.0,92.0,144.0,86.0,162.0,54.0
305.0,211.0,306.0,216.0,306.0,217.0,310.0,221.0,311.0,222.0,315.0,228.0,316.0,231.0,320.0,231.0,322.0,236.0,321.0,238.0,324.0,240.0,325.0,244.0,335.0,257.0
44.0,205.0,40.0,202.0,49.0,187.0,54.0,177.0,58.0,168.0,59.0,159.0,64.0,147.0,70.0,139.0,73.0,129.0,78.0,118.0,80.0,108.0,83.0,96.0,101.0,58.0
76.0,159.0,84.0,159.0,92.0,162.0,100.0,162.0,109.0,172.0,111.0,168.0,118.0,172.0,128.0,172.0,135.0,174.0,139.0,176.0,145.0,173.0,154.0,176.0,183.0,189.0
75.0,285.0,88.0,277.0,96.0,282.0,104.0,284.0,112.0,288.0,118.0,289.0,129.0,292.0,141.0,295.0,140.0,293.0,153.0,298.0,160.0,299.0,169.0,301.0,200.0,310.0
314.0,308.0,310.0,302.0,309.0,293.0,305.0,283.0,308.0,276.0,307.0,268.0,308.0,259.0,310.0,251.0,307.0,246.0,307.0,233.0,308.0,223.0,306.0,213.0,309.0,178.0
189.0,161.0,183.0,152.0,186.0,140.0,178.0,134.0,172.0,128.0,171.0,117.0,165.0,107.0,163.0,95.0,157.0,91.0,153.0,80.0,149.0,74.0,146.0,65.0,130.0,28.0
207.0,18.0,217.0,26.0,223.0,23.0,228.0,26.0,238.0,28.0,241.0,32.0,254.0,33.0,264.0,34.0,273.0,32.0,273.0,38.0,286.0,38.0,289.0,46.0,327.0,50.0
320.0,81.0,322.0,86.0,321.0,97.0,323.0,104.0,322.0,113.0,323.0,120.0,326.0,124.0,326.0,134.0,326.0,145.0,330.0,150.0,328.0,161.0,332.0,168.0,335.0,200.0
283.0,19.0,284.0,26.0,286.0,37.0,289.0,48.0,286.0,53.0,288.0,67.0,295.0,73.0,297.0,80.0,298.0,91.0,301.0,97.0,301.0,108.0,305.0,117.0,312.0,153.0
307.0,242.0,314.0,230.0,312.0,221.0,315.0,215.0,314.0,203.0,320.0,190.0,317.0,187.0,322.0,180.0,320.0,168.0,319.0,159.0,320.0,150.0,322.0,142.0,326.0,106.0
267.0,356.0,260.0,345.0,254.0,337.0,248.0,329.0,244.0,319.0,237.0,310.0,231.0,301.0,226.0,291.0,219.0,284.0,209.0,277.0,208.0,264.0,200.0,261.0,177.0,220.0
275.0,346.0,276.0,349.0,275.0,347.0,276.0,342.0,274.0,348.0,274.0,347.0,275.0,349.0,273.0,349.0,276.0,349.0,273.0,348.0,270.0,350.0,275.0,349.0,275.0,348.0
166.0,268.0,170.0,269.0,176.0,263.0,182.0,257.0,185.0,252.0,193.0,249.0,195.0,243.0,203.0,238.0,208.0,233.0,213.0,227.0,217.0,225.0,222.0,217.0,242.0,199.0
345.0,272.0,336.0,274.0,326.0,274.0,325.0,267.0,319.0,265.0,312.0,260.0,305.0,259.0,301.0,254.0,295.0,253.0,290.0,249.0,287.0,248.0,276.0,241.0,253.0,231.0
311.0,47.0,313.0,45.0,316.0,48.0,313.0,37.0,316.0,43.0,317.0,39.0,319.0,41.0,318.0,39.0,318.0,36.0,322.0,37.0,323.0,36.0,324.0,33.0,327.0,31.0
197.0,62.0,188.0,58.0,179.0,56.0,166.0,51.0,156.0,49.0,149.0,51.0,137.0,42.0,129.0,42.0,117.0,43.0,104.0,29.0,96.0,30.0,92.0,23.0,48.0,17.0
299.0,118.0,305.0,116.0,305.0,118.0,310.0,120.0,313.0,121.0,315.0,126.0,319.0,124.0,322.0,125.0,323.0,126.0,328.0,126.0,332.0,125.0,334.0,129.0,346.0,132.0
63.0,79.0,66.0,74.0,62.0,79.0,62.0,81.0,63.0,80.0,66.0,83.0,63.0,78.0,62.0,80.0,60.0,81.0,62.0,80.0,60.0,79.0,66.0,81.0,62.0,80.0
40.0,244.0,43.0,244.0,43.0,240.0,49.0,240.0,45.0,232.0,53.0,230.0,59.0,224.0,65.0,220.0,64.0,221.0,64.0,219.0,72.0,220.0,69.0,217.0,84.0,201.0
150.0,104.0,146.0,109.0,140.0,113.0,135.0,120.0,133.0,125.0,127.0,129.0,119.0,132.0,120.0,139.0,119.0,145.0,108.0,144.0,107.0,154.0,105.0,159.0,89.0,180.0
186.0,0.0,185.0,8.0,171.0,13.0,164.0,23.0,159.0,27.0,153.0,36.0,140.0,45.0,132.0,46.0,127.0,59.0,118.0,60.0,116.0,71.0,108.0,76.0,82.0,106.0
101.0,286.0,101.0,283.0,111.0,285.0,122.0,286.0,130.0,286.0,137.0,286.0,143.0,289.0,153.0,291.0,161.0,292.0,168.0,291.0,179.0,289.0,182.0,291.0,217.0,298.0
106.0,39.0,106.0,37.0,104.0,36.0,101.0,33.0,98.0,30.0,96.0,31.0,97.0,32.0,94.0,32.0,91.0,30.0,88.0,28.0,89.0,27.0,89.0,21.0,78.0,23.0
89.0,208.0,97.0,207.0,109.0,211.0,114.0,201.0,112.0,207.0,118.0,204.0,125.0,205.0,128.0,204.0,132.0,202.0,138.0,202.0,144.0,201.0,148.0,197.0,169.0,195.0
178.0,33.0,182.0,29.0,186.0,29.0,188.0,25.0,192.0,25.0,192.0,21.0,195.0,21.0,201.0,18.0,203.0,14.0,207.0,10.0,207.0,8.0,213.0,9.0,224.0,3.0
59.0,191.0,65.0,195.0,73.0,199.0,80.0,201.0,85.0,207.0,92.0,204.0,101.0,213.0,105.0,219.0,114.0,220.0,117.0,227.0,127.0,229.0,132.0,232.0,163.0,250.0
324.0,71.0,318.0,63.0,321.0,62.0,327.0,63.0,325.0,52.0,326.0,51.0,326.0,50.0,327.0,47.0,329.0,42.0,325.0,37.0,330.0,38.0,326.0,37.0,336.0,23.0
223.0,133.0,218.0,137.0,212.0,141.0,202.0,143.0,196.0,147.0,189.0,153.0,178.0,152.0,176.0,165.0,174.0,162.0,164.0,172.0,155.0,171.0,147.0,175.0,120.0,192.0
334.0,56.0,334.0,54.0,334.0,50.0,334.0,48.0,335.0,46.0,337.0,46.0,336.0,42.0,336.0,41.0,333.0,38.0,336.0,36.0,334.0,33.0,336.0,31.0,335.0,25.0
273.0,259.0,266.0,263.0,257.0,268.0,247.0,268.0,242.0,276.0,234.0,285.0,228.0,288.0,222.0,293.0,215.0,299.0,209.0,301.0,203.0,308.0,195.0,315.0,167.0,333.0
306.0,110.0,299.0,108.0,290.0,106.0,280.0,99.0,278.0,98.0,272.0,92.0,268.0,87.0,260.0,84.0,256.0,81.0,255.0,78.0,243.0,74.0,238.0,70.0,214.0,53.0
298.0,182.0,289.0,178.0,288.0,176.0,274.0,177.0,269.0,172.0,256.0,168.0,252.0,169.0,246.0,169.0,235.0,170.0,227.0,162.0,218.0,161.0,212.0,158.0,179.0,152.0
227.0,82.0,222.0,91.0,206.0,103.0,198.0,111.0,187.0,123.0,175.0,130.0,168.0,144.0,155.0,149.0,148.0,159.0,140.0,164.0,121.0,179.0,116.0,183.0,77.0,221.0
261.0,67.0,260.0,75.0,258.0,85.0,261.0,98.0,255.0,102.0,253.0,111.0,248.0,123.0,247.0,133.0,249.0,135.0,244.0,149.0,238.0,153.0,239.0,170.0,232.0,203.0
359.0,247.0,357.0,252.0,353.0,252.0,347.0,251.0,351.0,249.0,348.0,246.0,347.0,247.0,342.0,247.0,342.0,245.0,340.0,242.0,336.0,243.0,337.0,242.0,328.0,238.0
169.0,282.0,173.0,282.0,168.0,282.0,164.0,281.0,158.0,279.0,161.0,281.0,154.0,276.0,156.0,283.0,155.0,280.0,147.0,279.0,149.0,283.0,149.0,281.0,141.0,282.0
19.0,81.0,28.0,87.0,33.0,94.0,37.0,104.0,44.0,111.0,52.0,123.0,55.0,126.0,64.0,136.0,70.0,143.0,74.0,149.0,82.0,160.0,88.0,166.0,111.0,199.0
314.0,255.0,308.0,251.0,298.0,250.0,293.0,253.0,285.0,250.0,276.0,246.0,272.0,248.0,263.0,248.0,256.0,246.0,251.0,243.0,249.0,246.0,235.0,240.0,209.0,239.0
220.0,237.0,221.0,234.0,215.0,220.0,212.0,217.0,211.0,210.0,206.0,202.0,200.0,193.0,195.0,189.0,191.0,182.0,187.0,174.0,181.0,166.0,177.0,159.0,163.0,132.0
126.0,91.0,137.0,89.0,144.0,78.0,152.0,75.0,162.0,65.0,173.0,59.0,176.0,54.0,189.0,48.0,197.0,43.0,209.0,38.0,215.0,31.0,229.0,20.0,262.0,1.0
76.0,173.0,69.0,170.0,73.0,165.0,72.0,157.0,71.0,152.0,72.0,147.0,69.0,142.0,68.0,137.0,66.0,135.0,67.0,127.0,66.0,124.0,63.0,117.0,61.0,99.0
121.0,118.0,114.0,121.0,103.0,132.0,99.0,132.0,91.0,139.0,85.0,143.0,77.0,147.0,70.0,154.0,64.0,156.0,55.0,162.0,51.0,167.0,43.0,171.0,15.0,193.0
122.0,220.0,121.0,221.0,122.0,222.0,124.0,222.0,124.0,224.0,124.0,224.0,124.0,221.0,122.0,227.0,121.0,229.0,122.0,227.0,122.0,228.0,123.0,232.0,123.0,235.0
127.0,12.0,128.0,18.0,133.0,26.0,135.0,31.0,142.0,39.0,141.0,44.0,138.0,50.0,145.0,51.0,150.0,61.0,149.0,70.0,156.0,73.0,157.0,77.0,171.0,103.0
198.0,250.0,190.0,254.0,186.0,258.0,180.0,262.0,173.0,262.0,163.0,269.0,161.0,270.0,154.0,273.0,152.0,278.0,146.0,273.0,136.0,282.0,130.0,286.0,108.0,297.0
88.0,130.0,93.0,132.0,100.0,134.0,110.0,138.0,117.0,138.0,119.0,145.0,133.0,145.0,135.0,148.0,149.0,152.0,158.0,153.0,163.0,156.0,173.0,160.0,205.0,173.0
140.0,197.0,142.0,192.0,141.0,182.0,144.0,173.0,145.0,168.0,145.0,160.0,150.0,152.0,148.0,141.0,149.0,136.0,149.0,127.0,150.0,119.0,151.0,109.0,155.0,79.0
242.0,101.0,238.0,96.0,236.0,97.0,233.0,97.0,227.0,96.0,224.0,96.0,220.0,95.0,214.0,96.0,211.0,96.0,207.0,95.0,198.0,101.0,200.0,96.0,184.0,97.0
358.0,111.0,350.0,107.0,339.0,105.0,341.0,101.0,329.0,105.0,326.0,103.0,315.0,104.0,306.0,108.0,299.0,100.0,288.0,106.0,287.0,99.0,279.0,99.0,252.0,95.0
199.0,42.0,190.0,41.0,178.0,42.0,174.0,42.0,166.0,40.0,159.0,40.0,153.0,36.0,142.0,36.0,134.0,36.0,133.0,35.0,121.0,35.0,112.0,32.0,80.0,29.0
194.0,292.0,199.0,293.0,200.0,282.0,200.0,277.0,201.0,272.0,203.0,266.0,206.0,262.0,204.0,260.0,212.0,252.0,213.0,248.0,213.0,243.0,215.0,239.0,225.0,218.0
90.0,49.0,84.0,50.0,79.0,47.0,77.0,44.0,70.0,42.0,68.0,40.0,66.0,40.0,62.0,35.0,51.0,34.0,52.0,32.0,48.0,29.0,40.0,33.0,29.0,21.0
124.0,10.0,133.0,20.0,134.0,27.0,136.0,34.0,143.0,43.0,149.0,51.0,154.0,57.0,160.0,72.0,162.0,78.0,164.0,86.0,178.0,96.0,179.0,97.0,198.0,131.0
19.0,248.0,21.0,252.0,28.0,255.0,33.0,258.0,37.0,262.0,41.0,267.0,48.0,270.0,54.0,273.0,57.0,277.0,62.0,283.0,70.0,281.0,74.0,286.0,93.0,307.0
44.0,255.0,53.0,262.0,59.0,266.0,68.0,273.0,76.0,274.0,78.0,285.0,88.0,292.0,93.0,296.0,102.0,305.0,110.0,315.0,113.0,320.0,121.0,322.0,150.0,346.0
143.0,12.0,139.0,22.0,137.0,19.0,133.0,22.0,129.0,22.0,125.0,26.0,113.0,29.0,114.0,27.0,111.0,31.0,103.0,32.0,100.0,37.0,92.0,42.0,74.0,46.0
126.0,141.0,133.0,137.0,141.0,140.0,140.0,133.0,147.0,136.0,143.0,131.0,156.0,125.0,157.0,128.0,158.0,125.0,165.0,124.0,168.0,119.0,173.0,119.0,188.0,111.0
312.0,281.0,314.0,281.0,314.0,276.0,315.0,278.0,316.0,280.0,319.0,278.0,318.0,275.0,320.0,275.0,320.0,275.0,323.0,273.0,322.0,272.0,325.0,270.0,329.0,268.0
123.0,326.0,123.0,318.0,123.0,309.0,128.0,297.0,122.0,295.0,120.0,283.0,125.0,279.0,124.0,269.0,122.0,262.0,129.0,259.0,127.0,246.0,128.0,240.0,124.0,207.0
133.0,183.0,132.0,191.0,127.0,197.0,129.0,203.0,123.0,210.0,119.0,221.0,121.0,224.0,114.0,233.0,115.0,239.0,114.0,247.0,114.0,252.0,112.0,260.0,103.0,289.0
241.0,142.0,237.0,144.0,232.0,144.0,229.0,145.0,227.0,145.0,223.0,146.0,223.0,146.0,218.0,148.0,217.0,151.0,214.0,150.0,212.0,156.0,212.0,156.0,195.0,157.0
191.0,356.0,189.0,355.0,188.0,357.0,187.0,356.0,184.0,352.0,185.0,356.0,183.0,355.0,187.0,359.0,188.0,356.0,183.0,358.0,176.0,362.0,180.0,357.0,176.0,357.0
288.0,31.0,280.0,30.0,280.0,29.0,269.0,30.0,262.0,26.0,254.0,29.0,245.0,28.0,240.0,31.0,233.0,31.0,224.0,30.0,222.0,34.0,213.0,34.0,184.0,30.0
87.0,233.0,91.0,233.0,103.0,228.0,108.0,224.0,117.0,223.0,126.0,222.0,135.0,221.0,142.0,218.0,151.0,214.0,157.0,213.0,165.0,212.0,172.0,208.0,206.0,202.0
35.0,72.0,35.0,70.0,35.0,74.0,36.0,66.0,37.0,67.0,41.0,64.0,42.0,65.0,41.0,62.0,42.0,63.0,45.0,56.0,44.0,60.0,47.0,61.0,50.0,56.0
223.0,194.0,220.0,195.0,214.0,195.0,212.0,193.0,206.0,193.0,201.0,196.0,204.0,193.0,195.0,190.0,190.0,186.0,186.0,188.0,182.0,184.0,180.0,185.0,163.0,181.0
200.0,32.0,203.0,33.0,205.0,37.0,211.0,43.0,213.0,43.0,216.0,47.0,217.0,49.0,221.0,52.0,223.0,56.0,230.0,60.0,227.0,58.0,238.0,64.0,245.0,77.0
132.0,181.0,136.0,188.0,142.0,191.0,145.0,196.0,151.0,202.0,153.0,208.0,157.0,210.0,156.0,218.0,167.0,222.0,165.0,221.0,174.0,231.0,176.0,236.0,194.0,257.0
139.0,154.0,132.0,148.0,127.0,150.0,120.0,149.0,116.0,147.0,110.0,146.0,102.0,146.0,97.0,145.0,92.0,144.0,80.0,145.0,78.0,138.0,78.0,138.0,50.0,138.0
228.0,215.0,234.0,206.0,246.0,204.0,248.0,191.0,250.0,184.0,259.0,176.0,264.0,168.0,276.0,161.0,275.0,152.0,283.0,142.0,289.0,133.0,297.0,123.0,319.0,95.0
339.0,32.0,335.0,25.0,333.0,25.0,327.0,24.0,323.0,22.0,318.0,21.0,315.0,20.0,312.0,18.0,308.0,15.0,304.0,15.0,300.0,11.0,297.0,9.0,280.0,1.0
279.0,230.0,273.0,232.0,259.0,242.0,247.0,246.0,238.0,252.0,228.0,255.0,217.0,259.0,206.0,264.0,197.0,272.0,187.0,277.0,177.0,282.0,167.0,284.0,128.0,306.0
164.0,134.0,161.0,138.0,161.0,137.0,153.0,147.0,149.0,153.0,146.0,160.0,145.0,164.0,140.0,168.0,138.0,171.0,132.0,172.0,132.0,182.0,130.0,192.0,118.0,208.0
59.0,155.0,62.0,157.0,61.0,156.0,63.0,157.0,64.0,157.0,66.0,159.0,65.0,162.0,66.0,163.0,70.0,164.0,66.0,166.0,69.0,166.0,70.0,166.0,76.0,170.0
143.0,274.0,135.0,271.0,136.0,272.0,127.0,265.0,121.0,264.0,118.0,263.0,110.0,260.0,108.0,260.0,103.0,255.0,97.0,253.0,90.0,254.0,85.0,251.0,67.0,243.0
183.0,56.0,187.0,58.0,193.0,57.0,188.0,62.0,193.0,66.0,194.0,65.0,194.0,69.0,198.0,69.0,201.0,76.0,201.0,73.0,204.0,78.0,203.0,77.0,214.0,87.0
191.0,240.0,189.0,236.0,196.0,229.0,200.0,225.0,206.0,224.0,203.0,210.0,203.0,210.0,202.0,205.0,208.0,201.0,216.0,192.0,214.0,189.0,213.0,187.0,223.0,166.0
156.0,85.0,167.0,83.0,173.0,78.0,182.0,76.0,193.0,69.0,201.0,63.0,206.0,60.0,215.0,54.0,224.0,48.0,232.0,46.0,244.0,37.0,247.0,36.0,279.0,15.0
348.0,201.0,341.0,197.0,334.0,193.0,329.0,191.0,325.0,189.0,316.0,187.0,315.0,177.0,304.0,179.0,298.0,176.0,294.0,173.0,287.0,169.0,285.0,173.0,258.0,156.0
76.0,277.0,76.0,274.0,78.0,271.0,78.0,267.0,79.0,261.0,82.0,256.0,80.0,250.0,77.0,256.0,86.0,249.0,85.0,241.0,86.0,239.0,86.0,240.0,91.0,219.0
148.0,288.0,138.0,280.0,130.0,273.0,121.0,269.0,119.0,255.0,112.0,247.0,108.0,242.0,100.0,232.0,96.0,224.0,91.0,216.0,88.0,212.0,79.0,202.0,54.0,169.0
222.0,246.0,223.0,241.0,226.0,232.0,230.0,221.0,233.0,206.0,236.0,201.0,236.0,190.0,242.0,182.0,242.0,171.0,249.0,162.0,252.0,150.0,255.0,141.0,267.0,102.0
23.0,179.0,25.0,177.0,25.0,176.0,30.0,166.0,29.0,164.0,32.0,159.0,35.0,154.0,31.0,152.0,38.0,146.0,42.0,144.0,41.0,140.0,43.0,135.0,53.0,119.0
145.0,270.0,140.0,274.0,139.0,277.0,142.0,281.0,142.0,285.0,140.0,291.0,142.0,294.0,141.0,297.0,136.0,304.0,139.0,307.0,140.0,316.0,142.0,314.0,141.0,331.0
128.0,64.0,133.0,64.0,138.0,58.0,141.0,56.0,141.0,46.0,149.0,47.0,155.0,38.0,158.0,37.0,160.0,33.0,166.0,28.0,169.0,27.0,175.0,23.0,190.0,7.0
323.0,98.0,318.0,103.0,320.0,114.0,311.0,126.0,306.0,130.0,306.0,142.0,303.0,154.0,300.0,160.0,296.0,170.0,294.0,181.0,290.0,191.0,288.0,199.0,277.0,234.0
8.0,107.0,9.0,98.0,7.0,89.0,1.0,86.0,2.0,79.0,8.0,84.0,3.0,73.0,2.0,67.0,4.0,65.0,2.0,60.0,5.0,53.0,-1.0,49.0,4.0,29.0
109.0,204.0,106.0,212.0,105.0,217.0,100.0,228.0,94.0,238.0,90.0,245.0,91.0,259.0,79.0,267.0,73.0,276.0,73.0,285.0,69.0,292.0,67.0,307.0,50.0,339.0
179.0,128.0,179.0,127.0,183.0,126.0,178.0,132.0,178.0,128.0,175.0,135.0,182.0,132.0,178.0,136.0,178.0,136.0,178.0,136.0,176.0,139.0,178.0,138.0,178.0,143.0
99.0,262.0,103.0,261.0,108.0,263.0,117.0,263.0,120.0,266.0,125.0,272.0,135.0,268.0,140.0,270.0,146.0,272.0,151.0,278.0,159.0,276.0,164.0,280.0,188.0,288.0
148.0,182.0,154.0,189.0,156.0,192.0,154.0,203.0,158.0,208.0,161.0,214.0,165.0,224.0,169.0,228.0,172.0,237.0,172.0,245.0,176.0,251.0,179.0,256.0,192.0,286.0
256.0,146.0,252.0,142.0,253.0,133.0,247.0,136.0,241.0,131.0,245.0,135.0,238.0,128.0,236.0,122.0,229.0,122.0,229.0,116.0,226.0,113.0,223.0,111.0,211.0,100.0
22.0,239.0,16.0,239.0,27.0,240.0,33.0,241.0,38.0,240.0,43.0,238.0,48.0,239.0,52.0,241.0,58.0,241.0,60.0,238.0,62.0,235.0,73.0,238.0,92.0,240.0
82.0,106.0,86.0,109.0,92.0,108.0,98.0,115.0,102.0,112.0,113.0,119.0,113.0,116.0,114.0,115.0,124.0,120.0,128.0,125.0,132.0,127.0,137.0,128.0,158.0,136.0
191.0,338.0,194.0,336.0,195.0,334.0,198.0,326.0,200.0,330.0,201.0,325.0,202.0,328.0,207.0,321.0,207.0,322.0,209.0,317.0,213.0,317.0,210.0,311.0,222.0,307.0
3.0,183.0,7.0,187.0,6.0,178.0,12.0,168.0,17.0,163.0,14.0,161.0,16.0,152.0,21.0,152.0,24.0,148.0,32.0,147.0,34.0,139.0,33.0,127.0,46.0,113.0
167.0,139.0,173.0,135.0,175.0,130.0,179.0,123.0,185.0,119.0,189.0,113.0,191.0,112.0,201.0,107.0,198.0,97.0,203.0,94.0,209.0,89.0,211.0,84.0,228.0,64.0
202.0,20.0,204.0,27.0,205.0,32.0,203.0,36.0,205.0,43.0,203.0,49.0,204.0,57.0,205.0,60.0,205.0,68.0,205.0,69.0,202.0,78.0,204.0,85.0,204.0,110.0
35.0,212.0,36.0,199.0,45.0,191.0,53.0,183.0,57.0,175.0,67.0,168.0,72.0,155.0,78.0,147.0,80.0,137.0,88.0,128.0,96.0,119.0,102.0,113.0,125.0,76.0
158.0,133.0,166.0,129.0,176.0,127.0,180.0,119.0,190.0,117.0,194.0,108.0,201.0,106.0,210.0,100.0,222.0,98.0,223.0,90.0,232.0,86.0,240.0,85.0,266.0,61.0
184.0,325.0,190.0,319.0,198.0,312.0,205.0,302.0,216.0,298.0,223.0,290.0,233.0,283.0,238.0,276.0,248.0,266.0,252.0,264.0,265.0,256.0,271.0,248.0,304.0,221.0
149.0,157.0,156.0,156.0,152.0,155.0,157.0,151.0,159.0,152.0,158.0,147.0,161.0,148.0,165.0,144.0,164.0,144.0,166.0,140.0,170.0,138.0,171.0,137.0,180.0,129.0
253.0,55.0,251.0,60.0,246.0,61.0,241.0,68.0,235.0,68.0,229.0,83.0,226.0,85.0,223.0,88.0,219.0,93.0,214.0,99.0,211.0,102.0,210.0,108.0,192.0,129.0
236.0,61.0,239.0,69.0,242.0,75.0,249.0,77.0,245.0,91.0,248.0,94.0,253.0,105.0,257.0,111.0,263.0,112.0,262.0,126.0,266.0,132.0,272.0,138.0,280.0,167.0
16.0,252.0,21.0,238.0,31.0,234.0,36.0,221.0,49.0,211.0,56.0,206.0,63.0,194.0,74.0,184.0,81.0,175.0,90.0,161.0,97.0,152.0,105.0,141.0,137.0,103.0
345.0,180.0,336.0,169.0,330.0,162.0,321.0,155.0,309.0,141.0,304.0,131.0,290.0,125.0,283.0,116.0,276.0,106.0,262.0,92.0,252.0,88.0,244.0,78.0,210.0,44.0
266.0,155.0,271.0,151.0,275.0,141.0,284.0,140.0,284.0,132.0,289.0,120.0,291.0,115.0,296.0,105.0,299.0,100.0,305.0,94.0,312.0,87.0,311.0,78.0,328.0,52.0
213.0,78.0,210.0,86.0,203.0,91.0,204.0,95.0,193.0,101.0,189.0,105.0,180.0,111.0,175.0,114.0,171.0,120.0,163.0,127.0,156.0,131.0,152.0,134.0,128.0,156.0
136.0,133.0,141.0,131.0,146.0,123.0,148.0,115.0,152.0,110.0,153.0,104.0,158.0,94.0,159.0,89.0,165.0,83.0,167.0,73.0,175.0,67.0,174.0,59.0,185.0,33.0
216.0,49.0,215.0,51.0,208.0,56.0,207.0,60.0,202.0,64.0,195.0,73.0,195.0,71.0,190.0,74.0,188.0,80.0,182.0,89.0,177.0,89.0,174.0,88.0,158.0,108.0
237.0,353.0,237.0,338.0,247.0,337.0,253.0,320.0,258.0,310.0,260.0,302.0,266.0,290.0,271.0,283.0,273.0,271.0,280.0,262.0,286.0,252.0,286.0,245.0,312.0,202.0
124.0,146.0,132.0,153.0,140.0,161.0,147.0,166.0,153.0,176.0,162.0,182.0,167.0,190.0,176.0,195.0,180.0,203.0,187.0,211.0,194.0,218.0,202.0,225.0,231.0,252.0
36.0,326.0,38.0,327.0,47.0,319.0,54.0,318.0,58.0,315.0,69.0,316.0,75.0,313.0,82.0,310.0,89.0,308.0,96.0,306.0,104.0,303.0,111.0,304.0,139.0,295.0
118.0,354.0,115.0,346.0,108.0,335.0,104.0,326.0,98.0,318.0,90.0,308.0,86.0,301.0,73.0,288.0,73.0,282.0,65.0,272.0,63.0,260.0,53.0,255.0,31.0,220.0
245.0,110.0,250.0,122.0,252.0,128.0,255.0,133.0,258.0,140.0,259.0,148.0,256.0,152.0,259.0,162.0,264.0,171.0,265.0,178.0,265.0,180.0,274.0,191.0,279.0,219.0
43.0,76.0,52.0,87.0,60.0,86.0,70.0,90.0,76.0,96.0,88.0,101.0,97.0,107.0,108.0,112.0,115.0,115.0,124.0,121.0,132.0,125.0,144.0,132.0,179.0,152.0
204.0,54.0,195.0,56.0,183.0,53.0,173.0,59.0,161.0,50.0,156.0,55.0,149.0,55.0,143.0,56.0,136.0,56.0,121.0,54.0,114.0,54.0,102.0,54.0,68.0,55.0
82.0,257.0,78.0,251.0,86.0,247.0,87.0,238.0,91.0,233.0,92.0,222.0,93.0,216.0,97.0,217.0,98.0,210.0,98.0,202.0,101.0,196.0,104.0,192.0,112.0,168.0
203.0,200.0,213.0,207.0,221.0,209.0,234.0,212.0,241.0,213.0,246.0,217.0,254.0,219.0,269.0,225.0,278.0,222.0,286.0,228.0,297.0,234.0,309.0,234.0,341.0,248.0
291.0,53.0,297.0,58.0,297.0,57.0,299.0,55.0,300.0,55.0,298.0,58.0,300.0,56.0,299.0,59.0,301.0,52.0,304.0,62.0,303.0,55.0,307.0,58.0,310.0,57.0
356.0,136.0,346.0,126.0,338.0,122.0,329.0,115.0,323.0,105.0,316.0,99.0,307.0,93.0,300.0,84.0,292.0,77.0,284.0,72.0,275.0,64.0,266.0,59.0,235.0,30.0
69.0,348.0,74.0,343.0,78.0,338.0,87.0,335.0,96.0,327.0,101.0,319.0,108.0,313.0,115.0,308.0,127.0,298.0,129.0,294.0,136.0,289.0,150.0,289.0,173.0,260.0
295.0,270.0,292.0,266.0,289.0,264.0,285.0,259.0,288.0,253.0,279.0,254.0,275.0,255.0,273.0,247.0,271.0,246.0,263.0,245.0,268.0,239.0,258.0,230.0,250.0,224.0
250.0,165.0,252.0,164.0,249.0,168.0,261.0,161.0,260.0,160.0,262.0,159.0,266.0,158.0,267.0,157.0,271.0,157.0,279.0,157.0,279.0,155.0,280.0,156.0,294.0,151.0
144.0,85.0,142.0,85.0,139.0,94.0,139.0,96.0,138.0,105.0,131.0,111.0,127.0,116.0,125.0,121.0,119.0,123.0,118.0,128.0,113.0,135.0,111.0,139.0,100.0,160.0
231.0,250.0,228.0,249.0,232.0,241.0,234.0,232.0,238.0,222.0,241.0,214.0,245.0,206.0,248.0,200.0,250.0,190.0,254.0,183.0,255.0,175.0,256.0,169.0,271.0,136.0
326.0,183.0,328.0,176.0,322.0,170.0,320.0,165.0,315.0,162.0,313.0,157.0,307.0,155.0,304.0,150.0,301.0,145.0,294.0,143.0,290.0,143.0,288.0,135.0,272.0,119.0
125.0,274.0,115.0,276.0,108.0,277.0,101.0,279.0,92.0,284.0,84.0,284.0,80.0,283.0,68.0,287.0,55.0,294.0,53.0,291.0,43.0,293.0,35.0,295.0,4.0,305.0
198.0,140.0,205.0,147.0,204.0,149.0,205.0,155.0,207.0,158.0,209.0,167.0,212.0,162.0,215.0,173.0,211.0,176.0,213.0,178.0,213.0,182.0,215.0,186.0,219.0,203.0
56.0,118.0,65.0,125.0,74.0,135.0,83.0,139.0,90.0,145.0,99.0,151.0,105.0,163.0,115.0,165.0,120.0,176.0,131.0,177.0,137.0,182.0,146.0,189.0,178.0,213.0
303.0,165.0,303.0,169.0,307.0,179.0,308.0,185.0,310.0,195.0,313.0,206.0,316.0,214.0,318.0,224.0,320.0,230.0,319.0,242.0,321.0,248.0,326.0,255.0,333.0,295.0
288.0,118.0,284.0,120.0,287.0,122.0,289.0,119.0,293.0,117.0,293.0,122.0,294.0,115.0,298.0,116.0,298.0,115.0,303.0,112.0,304.0,114.0,308.0,112.0,314.0,108.0
139.0,113.0,130.0,112.0,125.0,111.0,120.0,108.0,109.0,109.0,100.0,106.0,92.0,108.0,83.0,104.0,74.0,102.0,69.0,101.0,61.0,103.0,51.0,99.0,20.0,97.0
339.0,283.0,331.0,283.0,328.0,282.0,319.0,281.0,316.0,282.0,313.0,285.0,308.0,273.0,291.0,275.0,290.0,277.0,280.0,279.0,280.0,276.0,271.0,274.0,249.0,270.0
205.0,158.0,200.0,158.0,195.0,156.0,187.0,156.0,181.0,153.0,178.0,150.0,167.0,149.0,165.0,152.0,159.0,148.0,154.0,145.0,147.0,149.0,138.0,147.0,116.0,143.0
295.0,162.0,293.0,173.0,298.0,173.0,300.0,173.0,300.0,174.0,303.0,176.0,305.0,185.0,305.0,180.0,307.0,184.0,306.0,186.0,309.0,188.0,308.0,191.0,313.0,198.0
112.0,75.0,119.0,87.0,122.0,91.0,131.0,100.0,137.0,111.0,148.0,117.0,157.0,128.0,162.0,136.0,172.0,138.0,181.0,149.0,189.0,157.0,195.0,163.0,228.0,196.0
40.0,65.0,42.0,73.0,43.0,76.0,47.0,84.0,49.0,88.0,54.0,95.0,57.0,101.0,60.0,109.0,63.0,112.0,65.0,120.0,72.0,124.0,73.0,132.0,84.0,156.0
257.0,254.0,256.0,242.0,249.0,232.0,246.0,222.0,244.0,211.0,240.0,197.0,237.0,193.0,234.0,183.0,234.0,173.0,231.0,161.0,232.0,157.0,218.0,139.0,212.0,103.0
203.0,58.0,191.0,64.0,185.0,72.0,173.0,82.0,164.0,85.0,158.0,98.0,149.0,105.0,139.0,112.0,127.0,127.0,120.0,130.0,112.0,139.0,104.0,146.0,67.0,178.0
229.0,206.0,226.0,209.0,222.0,217.0,217.0,227.0,218.0,232.0,215.0,242.0,216.0,247.0,213.0,251.0,213.0,259.0,206.0,265.0,208.0,272.0,204.0,279.0,198.0,309.0
11.0,302.0,13.0,304.0,20.0,305.0,21.0,309.0,25.0,312.0,31.0,311.0,32.0,319.0,33.0,321.0,36.0,324.0,38.0,327.0,43.0,331.0,40.0,335.0,58.0,346.0
326.0,235.0,324.0,243.0,325.0,250.0,320.0,259.0,320.0,265.0,316.0,272.0,319.0,281.0,313.0,286.0,310.0,294.0,310.0,301.0,307.0,304.0,306.0,315.0,298.0,342.0
214.0,113.0,226.0,111.0,224.0,95.0,236.0,91.0,241.0,84.0,251.0,79.0,255.0,70.0,261.0,63.0,270.0,59.0,275.0,51.0,285.0,45.0,287.0,39.0,319.0,9.0
41.0,346.0,45.0,337.0,53.0,329.0,58.0,316.0,62.0,306.0,71.0,299.0,79.0,283.0,85.0,274.0,90.0,263.0,95.0,256.0,96.0,244.0,108.0,237.0,131.0,198.0
65.0,134.0,69.0,142.0,78.0,145.0,89.0,151.0,94.0,156.0,102.0,165.0,108.0,172.0,118.0,179.0,123.0,188.0,134.0,193.0,145.0,201.0,153.0,205.0,184.0,235.0
323.0,38.0,313.0,47.0,308.0,53.0,300.0,60.0,294.0,68.0,288.0,76.0,281.0,82.0,274.0,88.0,266.0,97.0,257.0,104.0,252.0,115.0,244.0,117.0,217.0,145.0
139.0,18.0,138.0,27.0,133.0,33.0,130.0,40.0,125.0,46.0,121.0,51.0,117.0,58.0,114.0,64.0,109.0,68.0,111.0,78.0,103.0,81.0,97.0,87.0,83.0,111.0
272.0,122.0,262.0,114.0,258.0,105.0,248.0,96.0,241.0,89.0,236.0,82.0,225.0,72.0,219.0,65.0,215.0,57.0,206.0,51.0,201.0,42.0,195.0,32.0,166.0,2.0
5.0,149.0,11.0,156.0,16.0,157.0,19.0,168.0,24.0,175.0,31.0,182.0,34.0,188.0,39.0,190.0,47.0,193.0,49.0,204.0,57.0,211.0,60.0,217.0,81.0,241.0
64.0,261.0,64.0,261.0,63.0,264.0,61.0,265.0,61.0,264.0,58.0,266.0,63.0,265.0,56.0,267.0,57.0,273.0,54.0,272.0,60.0,272.0,59.0,271.0,50.0,277.0
162.0,60.0,169.0,66.0,176.0,72.0,177.0,72.0,184.0,77.0,192.0,80.0,199.0,79.0,202.0,88.0,208.0,93.0,214.0,97.0,221.0,102.0,228.0,106.0,252.0,121.0
287.0,122.0,284.0,122.0,277.0,123.0,269.0,127.0,265.0,134.0,260.0,136.0,253.0,142.0,246.0,143.0,239.0,149.0,234.0,153.0,227.0,155.0,223.0,165.0,199.0,177.0
347.0,82.0,341.0,81.0,325.0,85.0,317.0,88.0,314.0,87.0,296.0,81.0,291.0,86.0,283.0,87.0,271.0,87.0,264.0,88.0,254.0,86.0,245.0,87.0,210.0,87.0
315.0,135.0,306.0,134.0,312.0,127.0,305.0,111.0,305.0,105.0,307.0,99.0,310.0,91.0,304.0,84.0,301.0,74.0,303.0,66.0,300.0,57.0,301.0,46.0,296.0,18.0
11.0,6.0,19.0,15.0,26.0,20.0,33.0,31.0,38.0,42.0,45.0,49.0,49.0,55.0,58.0,69.0,65.0,77.0,74.0,86.0,79.0,100.0,86.0,105.0,116.0,141.0
319.0,144.0,316.0,134.0,316.0,125.0,312.0,116.0,315.0,115.0,312.0,108.0,314.0,99.0,315.0,94.0,311.0,86.0,312.0,80.0,309.0,73.0,309.0,65.0,306.0,38.0
22.0,193.0,23.0,190.0,20.0,183.0,21.0,179.0,17.0,173.0,21.0,174.0,17.0,166.0,17.0,159.0,15.0,155.0,13.0,149.0,11.0,143.0,11.0,138.0,8.0,120.0
68.0,34.0,73.0,31.0,82.0,30.0,87.0,29.0,90.0,24.0,101.0,26.0,110.0,27.0,115.0,19.0,122.0,20.0,130.0,17.0,136.0,14.0,142.0,8.0,172.0,5.0
324.0,263.0,311.0,252.0,304.0,242.0,292.0,234.0,284.0,227.0,272.0,218.0,264.0,202.0,254.0,197.0,241.0,188.0,234.0,182.0,217.0,167.0,212.0,163.0,173.0,127.0
20.0,64.0,27.0,65.0,34.0,66.0,42.0,67.0,49.0,70.0,55.0,73.0,62.0,76.0,67.0,75.0,78.0,80.0,77.0,78.0,91.0,81.0,98.0,86.0,125.0,93.0
63.0,67.0,71.0,71.0,80.0,78.0,85.0,80.0,92.0,83.0,98.0,87.0,107.0,93.0,112.0,98.0,120.0,100.0,129.0,106.0,138.0,103.0,137.0,114.0,170.0,129.0
94.0,236.0,92.0,236.0,90.0,231.0,91.0,228.0,93.0,223.0,93.0,217.0,86.0,215.0,92.0,212.0,93.0,205.0,93.0,201.0,91.0,199.0,90.0,196.0,92.0,179.0
246.0,154.0,250.0,158.0,252.0,156.0,254.0,159.0,253.0,161.0,256.0,165.0,258.0,168.0,260.0,168.0,263.0,170.0,264.0,171.0,265.0,174.0,270.0,178.0,277.0,185.0
292.0,241.0,297.0,243.0,294.0,237.0,293.0,238.0,296.0,233.0,291.0,233.0,301.0,223.0,298.0,226.0,298.0,223.0,305.0,223.0,299.0,220.0,302.0,218.0,306.0,211.0
249.0,355.0,249.0,353.0,260.0,339.0,269.0,333.0,280.0,320.0,283.0,315.0,294.0,304.0,297.0,299.0,303.0,290.0,311.0,284.0,317.0,276.0,325.0,268.0,353.0,236.0
237.0,126.0,237.0,136.0,232.0,146.0,230.0,155.0,224.0,166.0,226.0,168.0,215.0,182.0,212.0,190.0,208.0,199.0,204.0,210.0,197.0,223.0,196.0,229.0,181.0,264.0
348.0,84.0,347.0,91.0,341.0,92.0,334.0,101.0,332.0,101.0,328.0,97.0,322.0,107.0,314.0,112.0,312.0,113.0,308.0,115.0,304.0,118.0,299.0,119.0,278.0,133.0
219.0,351.0,219.0,343.0,222.0,336.0,215.0,323.0,220.0,318.0,220.0,307.0,219.0,300.0,217.0,294.0,219.0,282.0,219.0,270.0,221.0,263.0,224.0,255.0,221.0,218.0
196.0,208.0,196.0,199.0,190.0,191.0,187.0,182.0,184.0,174.0,182.0,163.0,181.0,154.0,182.0,143.0,172.0,139.0,170.0,130.0,167.0,120.0,165.0,111.0,153.0,75.0
240.0,226.0,246.0,214.0,251.0,212.0,252.0,205.0,254.0,199.0,257.0,195.0,263.0,188.0,264.0,185.0,268.0,182.0,273.0,177.0,275.0,167.0,277.0,164.0,289.0,146.0
265.0,9.0,267.0,7.0,268.0,9.0,273.0,6.0,277.0,9.0,285.0,4.0,285.0,7.0,290.0,6.0,289.0,10.0,296.0,8.0,307.0,2.0,304.0,6.0,322.0,8.0
290.0,301.0,281.0,293.0,277.0,278.0,258.0,278.0,252.0,263.0,246.0,257.0,236.0,248.0,226.0,237.0,219.0,230.0,211.0,224.0,200.0,212.0,189.0,201.0,155.0,166.0
198.0,294.0,200.0,290.0,203.0,283.0,197.0,270.0,209.0,270.0,209.0,265.0,204.0,257.0,205.0,251.0,209.0,247.0,209.0,239.0,209.0,233.0,205.0,223.0,215.0,204.0
127.0,226.0,128.0,222.0,134.0,227.0,138.0,229.0,143.0,231.0,146.0,229.0,152.0,230.0,156.0,234.0,159.0,228.0,163.0,231.0,165.0,237.0,169.0,238.0,187.0,241.0
69.0,293.0,76.0,284.0,82.0,282.0,85.0,282.0,86.0,280.0,89.0,278.0,94.0,274.0,98.0,277.0,100.0,275.0,103.0,269.0,104.0,267.0,109.0,267.0,120.0,258.0
116.0,299.0,111.0,292.0,106.0,280.0,104.0,275.0,100.0,268.0,95.0,258.0,90.0,250.0,88.0,243.0,84.0,236.0,78.0,228.0,74.0,219.0,72.0,211.0,55.0,180.0
214.0,355.0,213.0,350.0,207.0,343.0,204.0,335.0,198.0,332.0,193.0,326.0,190.0,317.0,185.0,314.0,180.0,305.0,173.0,300.0,167.0,295.0,158.0,283.0,144.0,265.0
54.0,152.0,52.0,145.0,50.0,141.0,51.0,143.0,44.0,134.0,45.0,129.0,42.0,127.0,37.0,119.0,39.0,120.0,37.0,113.0,34.0,112.0,30.0,106.0,24.0,91.0
330.0,312.0,332.0,299.0,333.0,290.0,334.0,280.0,337.0,269.0,329.0,263.0,332.0,251.0,335.0,239.0,339.0,231.0,337.0,221.0,338.0,209.0,341.0,200.0,345.0,161.0
48.0,169.0,64.0,158.0,71.0,146.0,72.0,143.0,81.0,140.0,88.0,128.0,97.0,117.0,102.0,109.0,110.0,102.0,119.0,93.0,121.0,86.0,135.0,83.0,159.0,47.0
200.0,41.0,196.0,44.0,194.0,49.0,184.0,45.0,185.0,44.0,176.0,45.0,168.0,46.0,166.0,48.0,161.0,54.0,150.0,54.0,147.0,52.0,145.0,52.0,125.0,57.0
83.0,342.0,89.0,337.0,93.0,330.0,105.0,325.0,103.0,322.0,108.0,315.0,115.0,313.0,118.0,308.0,128.0,300.0,129.0,291.0,134.0,291.0,141.0,286.0,160.0,267.0
211.0,311.0,200.0,309.0,190.0,302.0,180.0,300.0,167.0,296.0,159.0,292.0,148.0,287.0,142.0,282.0,130.0,278.0,118.0,276.0,113.0,270.0,100.0,267.0,59.0,252.0
131.0,53.0,135.0,55.0,153.0,51.0,161.0,51.0,167.0,52.0,178.0,51.0,184.0,49.0,196.0,50.0,205.0,48.0,214.0,47.0,221.0,45.0,232.0,42.0,267.0,40.0
332.0,294.0,332.0,301.0,331.0,302.0,331.0,307.0,327.0,315.0,332.0,315.0,327.0,320.0,333.0,323.0,332.0,325.0,333.0,330.0,336.0,340.0,331.0,340.0,332.0,355.0
194.0,279.0,196.0,280.0,193.0,281.0,201.0,291.0,202.0,294.0,200.0,292.0,207.0,301.0,209.0,305.0,211.0,310.0,214.0,314.0,216.0,317.0,218.0,322.0,225.0,338.0
183.0,203.0,185.0,206.0,199.0,214.0,207.0,222.0,211.0,231.0,216.0,238.0,227.0,249.0,235.0,254.0,240.0,264.0,251.0,273.0,259.0,281.0,265.0,287.0,298.0,320.0
79.0,299.0,78.0,296.0,80.0,288.0,78.0,279.0,77.0,271.0,79.0,263.0,77.0,258.0,76.0,243.0,80.0,239.0,83.0,233.0,78.0,225.0,77.0,215.0,79.0,185.0
28.0,216.0,33.0,209.0,33.0,207.0,39.0,201.0,37.0,198.0,38.0,198.0,43.0,192.0,45.0,185.0,44.0,183.0,47.0,177.0,48.0,173.0,51.0,172.0,60.0,155.0
190.0,322.0,200.0,311.0,207.0,305.0,214.0,295.0,223.0,287.0,231.0,275.0,240.0,267.0,247.0,258.0,254.0,249.0,265.0,240.0,267.0,227.0,282.0,223.0,312.0,187.0
252.0,228.0,242.0,237.0,230.0,242.0,222.0,250.0,210.0,260.0,202.0,267.0,191.0,274.0,180.0,285.0,170.0,293.0,160.0,298.0,145.0,303.0,139.0,317.0,101.0,348.0
37.0,266.0,40.0,265.0,41.0,266.0,47.0,258.0,50.0,254.0,54.0,254.0,55.0,250.0,60.0,251.0,64.0,245.0,65.0,241.0,72.0,237.0,71.0,234.0,84.0,223.0
93.0,228.0,94.0,222.0,95.0,215.0,95.0,210.0,95.0,203.0,97.0,194.0,94.0,184.0,98.0,180.0,103.0,171.0,101.0,166.0,106.0,158.0,104.0,154.0,108.0,126.0
85.0,104.0,87.0,111.0,91.0,119.0,93.0,122.0,95.0,130.0,91.0,137.0,99.0,142.0,99.0,148.0,102.0,152.0,105.0,161.0,105.0,164.0,106.0,170.0,116.0,196.0
65.0,39.0,70.0,40.0,76.0,38.0,82.0,41.0,87.0,40.0,92.0,43.0,95.0,41.0,99.0,45.0,104.0,46.0,115.0,44.0,110.0,42.0,119.0,49.0,141.0,53.0
50.0,118.0,56.0,125.0,67.0,129.0,72.0,134.0,83.0,138.0,84.0,146.0,99.0,149.0,104.0,153.0,112.0,160.0,122.0,163.0,125.0,168.0,136.0,173.0,170.0,195.0
260.0,170.0,255.0,158.0,249.0,149.0,241.0,138.0,235.0,130.0,231.0,119.0,226.0,111.0,218.0,98.0,217.0,93.0,208.0,80.0,199.0,71.0,194.0,61.0,171.0,20.0
127.0,202.0,132.0,202.0,137.0,196.0,140.0,194.0,146.0,190.0,150.0,188.0,157.0,187.0,163.0,182.0,163.0,184.0,172.0,178.0,178.0,173.0,181.0,171.0,202.0,159.0
306.0,34.0,302.0,31.0,294.0,28.0,288.0,29.0,278.0,31.0,269.0,32.0,267.0,28.0,260.0,29.0,254.0,30.0,246.0,29.0,241.0,29.0,237.0,25.0,205.0,29.0
337.0,36.0,329.0,37.0,320.0,34.0,322.0,37.0,314.0,41.0,309.0,40.0,304.0,42.0,300.0,43.0,294.0,43.0,292.0,42.0,284.0,44.0,281.0,48.0,261.0,51.0
287.0,13.0,295.0,19.0,294.0,15.0,301.0,15.0,301.0,13.0,308.0,15.0,309.0,11.0,315.0,14.0,324.0,12.0,320.0,11.0,329.0,14.0,331.0,14.0,348.0,14.0
111.0,283.0,120.0,280.0,129.0,274.0,133.0,268.0,141.0,264.0,151.0,257.0,160.0,253.0,168.0,247.0,174.0,243.0,186.0,237.0,192.0,234.0,200.0,232.0,231.0,209.0
7.0,48.0,12.0,54.0,13.0,64.0,15.0,76.0,23.0,78.0,27.0,83.0,31.0,91.0,31.0,101.0,37.0,105.0,36.0,110.0,44.0,120.0,49.0,125.0,66.0,155.0
58.0,184.0,64.0,180.0,66.0,173.0,69.0,168.0,78.0,166.0,80.0,150.0,83.0,150.0,85.0,143.0,91.0,136.0,95.0,130.0,96.0,125.0,103.0,120.0,119.0,96.0
269.0,85.0,270.0,92.0,278.0,101.0,268.0,107.0,273.0,115.0,274.0,118.0,277.0,128.0,277.0,128.0,278.0,139.0,279.0,149.0,285.0,160.0,282.0,162.0,286.0,190.0
240.0,225.0,230.0,224.0,221.0,221.0,204.0,227.0,198.0,223.0,194.0,216.0,179.0,221.0,171.0,221.0,158.0,217.0,150.0,218.0,138.0,221.0,128.0,215.0,90.0,212.0
359.0,72.0,350.0,69.0,344.0,72.0,339.0,71.0,334.0,70.0,328.0,72.0,322.0,70.0,314.0,70.0,308.0,70.0,304.0,70.0,296.0,71.0,291.0,72.0,268.0,71.0
206.0,129.0,213.0,135.0,221.0,139.0,228.0,147.0,236.0,150.0,241.0,154.0,247.0,158.0,254.0,163.0,265.0,167.0,271.0,176.0,271.0,182.0,282.0,184.0,312.0,205.0
113.0,155.0,107.0,161.0,114.0,162.0,119.0,169.0,117.0,165.0,115.0,171.0,116.0,171.0,118.0,177.0,120.0,180.0,119.0,183.0,123.0,186.0,122.0,187.0,127.0,200.0
314.0,160.0,306.0,162.0,295.0,166.0,288.0,166.0,279.0,170.0,265.0,173.0,260.0,171.0,250.0,176.0,241.0,178.0,232.0,180.0,226.0,180.0,216.0,181.0,180.0,191.0
158.0,228.0,167.0,221.0,175.0,213.0,181.0,207.0,186.0,198.0,194.0,192.0,201.0,187.0,208.0,180.0,216.0,174.0,222.0,163.0,229.0,157.0,236.0,150.0,265.0,123.0
41.0,225.0,45.0,222.0,52.0,215.0,54.0,206.0,63.0,207.0,67.0,202.0,71.0,195.0,79.0,189.0,83.0,186.0,88.0,182.0,93.0,171.0,98.0,171.0,117.0,151.0
105.0,179.0,110.0,181.0,113.0,189.0,116.0,186.0,122.0,188.0,126.0,188.0,133.0,189.0,133.0,190.0,139.0,195.0,143.0,199.0,146.0,199.0,148.0,204.0,166.0,211.0
233.0,231.0,218.0,225.0,214.0,207.0,208.0,204.0,203.0,198.0,190.0,184.0,184.0,173.0,175.0,161.0,165.0,147.0,160.0,141.0,151.0,131.0,145.0,123.0,112.0,83.0
252.0,320.0,245.0,316.0,236.0,316.0,230.0,313.0,222.0,311.0,213.0,311.0,211.0,302.0,201.0,298.0,195.0,297.0,186.0,294.0,182.0,291.0,176.0,288.0,147.0,276.0
180.0,120.0,186.0,108.0,180.0,108.0,178.0,107.0,174.0,101.0,174.0,98.0,174.0,92.0,169.0,90.0,165.0,85.0,165.0,81.0,165.0,73.0,159.0,76.0,153.0,58.0
279.0,281.0,269.0,278.0,260.0,279.0,252.0,279.0,244.0,279.0,237.0,279.0,226.0,281.0,214.0,279.0,203.0,275.0,198.0,281.0,188.0,280.0,178.0,278.0,144.0,280.0
218.0,195.0,212.0,189.0,205.0,178.0,202.0,174.0,197.0,166.0,192.0,156.0,185.0,149.0,185.0,142.0,176.0,132.0,172.0,124.0,172.0,114.0,161.0,108.0,142.0,77.0
113.0,72.0,113.0,71.0,118.0,80.0,120.0,81.0,123.0,86.0,128.0,92.0,129.0,95.0,134.0,98.0,136.0,102.0,138.0,107.0,143.0,110.0,146.0,116.0,157.0,131.0
61.0,245.0,65.0,247.0,65.0,249.0,69.0,250.0,72.0,252.0,75.0,248.0,75.0,255.0,77.0,262.0,73.0,261.0,79.0,263.0,84.0,265.0,84.0,268.0,93.0,274.0
273.0,253.0,269.0,248.0,268.0,236.0,264.0,231.0,262.0,224.0,259.0,218.0,251.0,212.0,251.0,201.0,249.0,196.0,246.0,188.0,243.0,180.0,241.0,173.0,229.0,147.0
95.0,182.0,97.0,174.0,110.0,172.0,118.0,163.0,128.0,159.0,137.0,156.0,145.0,149.0,155.0,145.0,165.0,142.0,176.0,141.0,179.0,133.0,189.0,124.0,227.0,106.0
243.0,313.0,242.0,308.0,239.0,305.0,239.0,303.0,237.0,296.0,233.0,294.0,233.0,288.0,232.0,287.0,229.0,282.0,223.0,272.0,225.0,272.0,221.0,268.0,214.0,254.0
249.0,173.0,244.0,169.0,240.0,161.0,230.0,156.0,226.0,146.0,225.0,144.0,221.0,135.0,215.0,131.0,209.0,126.0,206.0,120.0,196.0,114.0,193.0,108.0,175.0,85.0
162.0,198.0,160.0,205.0,157.0,214.0,154.0,222.0,148.0,232.0,147.0,239.0,143.0,248.0,137.0,260.0,136.0,262.0,135.0,272.0,130.0,277.0,128.0,286.0,117.0,319.0
2.0,334.0,9.0,331.0,7.0,316.0,10.0,307.0,14.0,294.0,17.0,287.0,22.0,278.0,22.0,266.0,25.0,257.0,33.0,240.0,29.0,234.0,28.0,226.0,46.0,186.0
196.0,131.0,200.0,135.0,206.0,132.0,215.0,137.0,221.0,136.0,227.0,140.0,232.0,143.0,236.0,140.0,245.0,145.0,249.0,149.0,256.0,148.0,262.0,153.0,286.0,160.0
346.0,43.0,345.0,44.0,341.0,42.0,335.0,42.0,336.0,35.0,337.0,35.0,336.0,38.0,330.0,30.0,326.0,24.0,325.0,23.0,322.0,26.0,322.0,22.0,316.0,15.0
54.0,165.0,56.0,165.0,61.0,165.0,59.0,164.0,64.0,162.0,65.0,161.0,65.0,159.0,71.0,163.0,76.0,152.0,69.0,162.0,73.0,157.0,77.0,155.0,85.0,151.0
211.0,213.0,218.0,207.0,226.0,202.0,235.0,201.0,245.0,193.0,254.0,187.0,265.0,182.0,271.0,179.0,281.0,172.0,291.0,173.0,301.0,164.0,306.0,154.0,345.0,139.0
296.0,59.0,279.0,69.0,274.0,76.0,265.0,83.0,255.0,94.0,248.0,97.0,238.0,112.0,228.0,121.0,216.0,127.0,211.0,140.0,200.0,146.0,190.0,157.0,156.0,193.0
180.0,203.0,183.0,194.0,184.0,182.0,185.0,173.0,184.0,165.0,187.0,152.0,188.0,143.0,188.0,135.0,187.0,125.0,191.0,113.0,195.0,109.0,191.0,93.0,196.0,54.0
217.0,99.0,213.0,107.0,210.0,99.0,197.0,94.0,189.0,92.0,183.0,90.0,174.0,86.0,168.0,80.0,161.0,78.0,150.0,80.0,144.0,73.0,135.0,71.0,103.0,60.0
231.0,196.0,218.0,199.0,211.0,200.0,204.0,198.0,188.0,203.0,176.0,203.0,168.0,208.0,156.0,213.0,148.0,211.0,140.0,213.0,128.0,213.0,115.0,215.0,80.0,225.0
119.0,335.0,126.0,323.0,136.0,312.0,134.0,302.0,141.0,294.0,144.0,284.0,151.0,275.0,155.0,262.0,159.0,253.0,166.0,242.0,171.0,233.0,175.0,224.0,196.0,184.0
306.0,87.0,301.0,87.0,301.0,90.0,294.0,88.0,292.0,86.0,291.0,94.0,291.0,93.0,291.0,99.0,287.0,96.0,285.0,94.0,283.0,96.0,282.0,96.0,275.0,102.0
93.0,215.0,94.0,217.0,95.0,219.0,96.0,219.0,96.0,225.0,96.0,225.0,100.0,227.0,105.0,224.0,101.0,231.0,104.0,234.0,103.0,237.0,102.0,237.0,108.0,246.0
103.0,130.0,110.0,126.0,124.0,130.0,129.0,125.0,140.0,123.0,149.0,126.0,158.0,123.0,167.0,120.0,173.0,119.0,182.0,118.0,192.0,118.0,201.0,118.0,238.0,114.0
314.0,197.0,308.0,198.0,303.0,202.0,301.0,201.0,294.0,206.0,288.0,206.0,285.0,208.0,285.0,211.0,273.0,213.0,270.0,215.0,266.0,218.0,260.0,219.0,240.0,227.0
266.0,178.0,257.0,169.0,251.0,162.0,246.0,158.0,242.0,144.0,234.0,141.0,229.0,136.0,220.0,123.0,217.0,122.0,212.0,114.0,204.0,108.0,197.0,101.0,175.0,73.0
236.0,351.0,244.0,351.0,245.0,349.0,252.0,347.0,251.0,347.0,256.0,343.0,255.0,346.0,260.0,344.0,261.0,341.0,269.0,337.0,272.0,343.0,271.0,339.0,283.0,335.0
221.0,179.0,217.0,172.0,212.0,164.0,215.0,168.0,214.0,158.0,212.0,153.0,215.0,148.0,213.0,149.0,212.0,138.0,209.0,132.0,211.0,127.0,214.0,118.0,205.0,104.0
143.0,195.0,138.0,200.0,132.0,206.0,130.0,214.0,122.0,221.0,120.0,223.0,118.0,231.0,109.0,238.0,103.0,246.0,98.0,246.0,92.0,253.0,87.0,257.0,69.0,285.0
55.0,23.0,61.0,29.0,70.0,40.0,78.0,46.0,89.0,56.0,92.0,68.0,99.0,72.0,105.0,80.0,113.0,88.0,120.0,95.0,125.0,101.0,128.0,112.0,161.0,143.0
321.0,87.0,322.0,98.0,316.0,106.0,309.0,116.0,307.0,124.0,291.0,131.0,291.0,141.0,287.0,151.0,277.0,161.0,273.0,169.0,265.0,177.0,259.0,188.0,237.0,224.0
178.0,259.0,187.0,249.0,197.0,242.0,202.0,231.0,206.0,219.0,210.0,215.0,216.0,205.0,228.0,192.0,235.0,179.0,241.0,172.0,249.0,161.0,260.0,151.0,285.0,111.0
59.0,336.0,66.0,333.0,71.0,330.0,77.0,325.0,81.0,320.0,80.0,313.0,90.0,314.0,91.0,313.0,101.0,303.0,105.0,301.0,110.0,296.0,114.0,291.0,136.0,277.0
180.0,354.0,179.0,356.0,177.0,349.0,178.0,348.0,179.0,342.0,179.0,341.0,178.0,342.0,178.0,337.0,180.0,338.0,183.0,340.0,180.0,332.0,179.0,332.0,179.0,323.0
335.0,301.0,326.0,296.0,317.0,285.0,311.0,274.0,301.0,267.0,287.0,261.0,280.0,255.0,267.0,248.0,261.0,239.0,257.0,232.0,243.0,223.0,237.0,212.0,199.0,183.0
84.0,138.0,77.0,146.0,82.0,154.0,77.0,158.0,80.0,170.0,75.0,168.0,74.0,182.0,69.0,186.0,69.0,193.0,66.0,202.0,70.0,208.0,64.0,214.0,55.0,244.0
22.0,149.0,27.0,145.0,35.0,132.0,38.0,131.0,44.0,121.0,48.0,115.0,56.0,110.0,62.0,102.0,69.0,96.0,73.0,86.0,81.0,82.0,87.0,71.0,110.0,46.0
96.0,189.0,91.0,205.0,96.0,209.0,103.0,217.0,105.0,225.0,108.0,229.0,110.0,235.0,114.0,244.0,114.0,249.0,119.0,255.0,117.0,268.0,126.0,273.0,138.0,300.0
126.0,222.0,125.0,225.0,116.0,227.0,106.0,234.0,103.0,235.0,94.0,244.0,88.0,250.0,79.0,255.0,71.0,261.0,62.0,262.0,59.0,270.0,53.0,274.0,24.0,296.0
219.0,46.0,213.0,55.0,203.0,62.0,198.0,71.0,189.0,78.0,180.0,85.0,178.0,88.0,161.0,102.0,158.0,109.0,149.0,117.0,137.0,126.0,129.0,135.0,101.0,166.0
235.0,38.0,226.0,39.0,215.0,47.0,205.0,51.0,195.0,58.0,184.0,63.0,176.0,72.0,170.0,68.0,159.0,80.0,144.0,80.0,134.0,87.0,123.0,93.0,85.0,112.0
244.0,327.0,252.0,323.0,259.0,321.0,266.0,322.0,273.0,324.0,281.0,317.0,286.0,313.0,294.0,318.0,300.0,312.0,309.0,307.0,314.0,307.0,323.0,303.0,350.0,297.0
174.0,142.0,173.0,143.0,177.0,145.0,180.0,147.0,184.0,146.0,186.0,149.0,194.0,149.0,196.0,152.0,201.0,152.0,206.0,154.0,209.0,152.0,215.0,156.0,230.0,159.0
263.0,22.0,260.0,26.0,254.0,31.0,250.0,33.0,246.0,40.0,239.0,42.0,236.0,48.0,228.0,52.0,226.0,56.0,217.0,53.0,216.0,64.0,211.0,66.0,190.0,83.0
62.0,197.0,64.0,190.0,69.0,187.0,72.0,180.0,79.0,176.0,82.0,171.0,85.0,165.0,90.0,160.0,95.0,157.0,97.0,150.0,100.0,145.0,105.0,141.0,122.0,121.0
291.0,146.0,286.0,155.0,280.0,163.0,273.0,171.0,269.0,180.0,263.0,190.0,256.0,201.0,252.0,210.0,244.0,217.0,244.0,222.0,232.0,234.0,226.0,244.0,203.0,281.0
191.0,68.0,191.0,65.0,194.0,61.0,199.0,55.0,195.0,54.0,195.0,48.0,196.0,45.0,197.0,41.0,202.0,35.0,199.0,35.0,201.0,30.0,197.0,27.0,207.0,10.0
33.0,187.0,37.0,192.0,41.0,186.0,41.0,182.0,47.0,181.0,48.0,179.0,52.0,177.0,55.0,175.0,56.0,172.0,62.0,169.0,69.0,171.0,66.0,168.0,79.0,159.0
209.0,283.0,205.0,277.0,203.0,275.0,204.0,275.0,193.0,273.0,190.0,268.0,187.0,265.0,184.0,266.0,182.0,262.0,175.0,256.0,169.0,250.0,171.0,249.0,151.0,237.0
99.0,24.0,107.0,26.0,114.0,27.0,121.0,26.0,130.0,22.0,141.0,17.0,142.0,20.0,149.0,22.0,156.0,18.0,162.0,20.0,173.0,23.0,179.0,15.0,206.0,13.0
83.0,33.0,80.0,35.0,81.0,35.0,81.0,32.0,82.0,41.0,83.0,40.0,86.0,44.0,83.0,45.0,87.0,43.0,83.0,50.0,81.0,47.0,82.0,55.0,82.0,62.0
158.0,250.0,147.0,240.0,141.0,231.0,132.0,220.0,122.0,211.0,114.0,199.0,104.0,192.0,95.0,181.0,85.0,171.0,82.0,156.0,67.0,149.0,58.0,139.0,23.0,101.0
240.0,278.0,245.0,271.0,247.0,263.0,249.0,256.0,252.0,244.0,256.0,236.0,258.0,226.0,259.0,220.0,261.0,210.0,262.0,202.0,263.0,190.0,266.0,181.0,275.0,147.0
101.0,22.0,104.0,22.0,109.0,22.0,116.0,20.0,108.0,21.0,115.0,25.0,120.0,28.0,120.0,31.0,124.0,27.0,125.0,30.0,132.0,29.0,134.0,32.0,147.0,36.0
56.0,44.0,54.0,50.0,57.0,49.0,61.0,52.0,62.0,51.0,64.0,53.0,63.0,55.0,73.0,55.0,69.0,60.0,76.0,58.0,75.0,63.0,78.0,65.0,85.0,75.0
280.0,324.0,280.0,322.0,280.0,321.0,282.0,321.0,280.0,315.0,281.0,313.0,277.0,302.0,283.0,303.0,283.0,296.0,283.0,301.0,281.0,297.0,280.0,293.0,282.0,281.0
310.0,188.0,311.0,186.0,309.0,184.0,304.0,184.0,299.0,182.0,303.0,184.0,298.0,187.0,297.0,179.0,296.0,180.0,295.0,177.0,292.0,179.0,291.0,177.0,282.0,173.0
249.0,99.0,247.0,105.0,244.0,112.0,243.0,119.0,242.0,125.0,239.0,131.0,238.0,137.0,234.0,141.0,236.0,152.0,229.0,153.0,227.0,159.0,221.0,169.0,219.0,191.0
43.0,120.0,47.0,131.0,50.0,143.0,58.0,151.0,62.0,157.0,69.0,166.0,72.0,176.0,78.0,184.0,84.0,194.0,86.0,200.0,91.0,211.0,100.0,218.0,118.0,256.0
318.0,296.0,308.0,295.0,298.0,297.0,289.0,299.0,274.0,304.0,271.0,303.0,265.0,309.0,249.0,306.0,234.0,306.0,230.0,309.0,220.0,313.0,205.0,317.0,170.0,325.0
217.0,176.0,211.0,180.0,216.0,178.0,212.0,190.0,207.0,192.0,213.0,194.0,213.0,194.0,217.0,202.0,211.0,206.0,212.0,210.0,213.0,214.0,211.0,219.0,212.0,236.0
237.0,336.0,224.0,335.0,220.0,333.0,216.0,334.0,205.0,336.0,197.0,336.0,189.0,340.0,182.0,336.0,174.0,333.0,160.0,336.0,160.0,332.0,148.0,336.0,118.0,335.0
358.0,305.0,349.0,310.0,342.0,313.0,336.0,315.0,328.0,316.0,322.0,322.0,314.0,322.0,312.0,328.0,301.0,333.0,296.0,334.0,286.0,341.0,282.0,338.0,253.0,351.0
161.0,319.0,152.0,313.0,150.0,305.0,145.0,300.0,146.0,294.0,140.0,289.0,134.0,287.0,131.0,282.0,127.0,281.0,128.0,271.0,119.0,266.0,116.0,262.0,99.0,241.0
319.0,258.0,318.0,250.0,318.0,244.0,316.0,234.0,317.0,228.0,312.0,223.0,317.0,211.0,318.0,201.0,318.0,193.0,317.0,186.0,318.0,180.0,318.0,171.0,318.0,139.0
